{"stats":{"minecraft:killed":{"minecraft:cave_spider":5,"born_in_chaos_v1:restless_spirit":3,"born_in_chaos_v1:zombie_lumberjack":1,"born_in_chaos_v1:skeleton_demoman":2,"minecraft:spider":5,"born_in_chaos_v1:siamese_skeletonsright":2,"born_in_chaos_v1:baby_skeleton_minion":12,"minecraft:skeleton":2,"born_in_chaos_v1:supreme_bonescaller_stage_2":2,"minecraft:creeper":1,"iceandfire:cockatrice":2,"minecraft:pillager":3,"minecraft:zombie":11,"born_in_chaos_v1:dread_hound":3,"born_in_chaos_v1:corpse_fly":5,"minecraft:stray":5,"born_in_chaos_v1:door_knight":1,"born_in_chaos_v1:siamese_skeletonsleft":3,"born_in_chaos_v1:skeleton_thrasher_not_despawn":2,"alexsmobs:rattlesnake":3,"minecraft:zoglin":1,"born_in_chaos_v1:maggot":8,"born_in_chaos_v1:corpse_fish":3,"born_in_chaos_v1:spirit_guide":1,"alexsmobs:guster":1,"born_in_chaos_v1:bone_imp_minion":6,"born_in_chaos_v1:swarmer":1,"born_in_chaos_v1:spirit_guide_assistant":3,"born_in_chaos_v1:decrepit_skeleton":7,"alexsmobs:elephant":1,"born_in_chaos_v1:bonescaller_not_despawn":3,"born_in_chaos_v1:dark_vortex":2,"minecraft:villager":2,"quark:wraith":3},"minecraft:custom":{"lootr:looted_stat":95,"minecraft:interact_with_crafting_table":25,"minecraft:open_barrel":23,"minecraft:bell_ring":2,"minecraft:eat_cake_slice":1,"minecraft:leave_game":10,"minecraft:time_since_death":14500,"minecraft:sprint_one_cm":601696,"minecraft:drop":168,"minecraft:talked_to_villager":1,"minecraft:play_time":473720,"minecraft:deaths":15,"minecraft:jump":4466,"minecraft:walk_on_water_one_cm":37753,"minecraft:interact_with_furnace":14,"minecraft:interact_with_cartography_table":1,"minecraft:sleep_in_bed":17,"tombstone:sneak_grave":2,"minecraft:damage_dealt":23789,"minecraft:crouch_one_cm":13756,"tombstone:undead_killed":68,"tombstone:villager_killed":2,"minecraft:mob_kills":120,"minecraft:damage_dealt_resisted":4529,"minecraft:climb_one_cm":23024,"minecraft:walk_one_cm":1026572,"minecraft:sneak_time":6256,"minecraft:walk_under_water_one_cm":32585,"minecraft:boat_one_cm":27182,"minecraft:interact_with_lectern":2,"minecraft:total_world_time":473720,"tombstone:raider_killed":3,"minecraft:time_since_rest":10928,"minecraft:damage_taken":9201,"minecraft:swim_one_cm":64845,"minecraft:fly_one_cm":1283823,"minecraft:open_chest":77,"minecraft:fall_one_cm":128700},"minecraft:picked_up":{"chococraft:loverly_gysahl_green":1,"iceandfire:deathworm_egg":1,"minecraft:iron_chestplate":1,"qualitycrops:wheat_gold":3,"vinery:red_grape":10,"minecraft:wheat":32,"minecraft:flower_pot":2,"minecraft:lead":1,"minecraft:potion":2,"minecraft:knowledge_book":39,"minecraft:polished_deepslate":2,"minecraft:string":19,"quark:iron_plate":1,"minecraft:armor_stand":1,"minecraft:sticky_piston":4,"minecraft:experience_bottle":1,"minecraft:beetroot":8,"minecraft:gold_nugget":214,"minecraft:cobbled_deepslate":60,"minecraft:iron_pickaxe":2,"minecraft:melon_slice":24,"minecraft:furnace":2,"minecraft:stick":9,"born_in_chaos_v1:shattered_skull":1,"minecraft:acacia_fence":5,"born_in_chaos_v1:phantom_powder":2,"minecraft:torch":41,"minecraft:acacia_log":174,"minecraft:green_bed":1,"quark:iron_rod":1,"minecraft:spruce_stairs":9,"quark:blossom_log":9,"iceandfire:rotten_egg":11,"tombstone:grave_dust":11,"minecraft:diorite":132,"regions_unexplored:daisy":16,"minecraft:goat_horn":1,"minecraft:brown_carpet":5,"minecraft:orange_bed":2,"minecraft:rotten_flesh":23,"farmersdelight:tree_bark":97,"create:ochrum":3,"minecraft:iron_block":3,"minecraft:red_tulip":2,"minecraft:cobblestone":31,"minecraft:birch_log":6,"minecraft:leather_chestplate":1,"born_in_chaos_v1:spiritual_dust":4,"minecraft:andesite":33,"minecraft:jungle_log":1,"minecraft:potato":8,"paraglider:spirit_orb":16,"minecraft:dirt":725,"tombstone:familiar_receptacle":1,"minecraft:lantern":1,"minecraft:polished_granite":1,"born_in_chaos_v1:monster_skin":1,"minecraft:leather_boots":1,"minecraft:bone":36,"minecraft:acacia_planks":19,"minecraft:wheat_seeds":115,"minecraft:raw_gold":8,"quark:soul_bead":3,"minecraft:mossy_stone_bricks":1,"minecraft:sand":3,"minecraft:stripped_spruce_log":101,"regions_unexplored:chalk":1,"minecraft:acacia_stairs":13,"create:honeyed_apple":1,"minecraft:bundle":1,"minecraft:iron_hoe":1,"minecraft:polished_andesite":2,"regions_unexplored:hyssop":45,"qualitycrops:wheat_iron":5,"vinery:jungle_grapes_red":1,"regions_unexplored:clover":4,"alexsmobs:rattlesnake_rattle":2,"minecraft:granite":53,"minecraft:bone_meal":1,"minecraft:spruce_sign":7,"minecraft:bread":41,"minecraft:emerald":2,"minecraft:oak_sapling":1,"born_in_chaos_v1:rotten_fish":2,"minecraft:netherrack":7,"iceandfire:raw_silver":4,"minecraft:charcoal":8,"minecraft:crafting_table":5,"minecraft:chicken":8,"born_in_chaos_v1:seedof_chaos":6,"minecraft:leather_leggings":1,"minecraft:cornflower":2,"qualitycrops:wheat_diamond":2,"minecraft:iron_axe":1,"minecraft:wooden_sword":1,"betterarcheology:vase_green":1,"supplementaries:statue":1,"minecraft:item_frame":3,"minecraft:iron_shovel":1,"minecraft:cracked_stone_bricks":1,"minecraft:oak_boat":1,"born_in_chaos_v1:gnawed_bones":1,"minecraft:poppy":2,"minecraft:sugar_cane":3,"minecraft:chest":2,"minecraft:spruce_trapdoor":19,"qualitycrops:cooked_chicken_diamond":1,"minecraft:egg":1,"minecraft:raw_iron":69,"qualitycrops:sugar_cane_gold":1,"qualitycrops:beetroot_diamond":2,"sophisticatedbackpacks:backpack":1,"minecraft:stone_button":18,"qualitycrops:mutton_diamond":1,"born_in_chaos_v1:pieceofdarkmetal":7,"minecraft:stone_pressure_plate":4,"minecraft:arrow":18,"minecraft:yellow_terracotta":1,"minecraft:gold_ingot":5,"born_in_chaos_v1:fused_bone":2,"born_in_chaos_v1:corpse_maggot":3,"minecraft:tripwire_hook":1,"minecraft:leather":1,"quark:rusty_iron_plate":3,"qualitycrops:melon_slice_diamond":4,"minecraft:oak_log":15,"minecraft:gunpowder":4,"minecraft:cobblestone_stairs":16,"tombstone:gift":1,"farmersdelight:honey_glazed_ham_block":1,"minecraft:apple":8,"chococraft:gysahl_green":13,"minecraft:stone_bricks":1,"minecraft:kelp":7,"iceandfire:dragon_stick":3,"minecraft:iron_ingot":13,"minecraft:stone_pickaxe":1,"minecraft:iron_sword":1,"minecraft:acacia_sapling":5,"minecraft:book":27,"minecraft:scaffolding":5,"qualitycrops:cooked_porkchop_gold":1,"minecraft:smooth_basalt":1,"iceandfire:dragon_horn":1,"born_in_chaos_v1:orbofthe_summoner":2,"iceandfire:ash":2,"born_in_chaos_v1:ethereal_spirit":8,"born_in_chaos_v1:dark_rod":3,"chococraft:gysahl_green_seeds":4,"minecraft:spruce_sapling":16,"minecraft:spruce_log":107,"minecraft:spider_eye":4,"minecraft:spruce_door":3,"minecraft:leather_helmet":1,"iceandfire:dragon_flute":1,"minecraft:slime_ball":2,"regions_unexplored:fireweed":22,"minecraft:polished_diorite":7,"minecraft:iron_helmet":2,"minecraft:birch_sign":1,"minecraft:melon_seeds":3,"minecraft:coal":45},"minecraft:crafted":{"minecraft:oak_planks":24,"quark:birch_chest":1,"minecraft:crafting_table":2,"minecraft:iron_helmet":1,"minecraft:acacia_button":1,"minecraft:birch_planks":24,"minecraft:iron_chestplate":2,"minecraft:stick":24,"minecraft:iron_ingot":22,"minecraft:iron_pickaxe":1,"minecraft:polished_andesite":32,"minecraft:bone_meal":153,"quark:acacia_chest":2,"minecraft:polished_diorite":132,"minecraft:polished_deepslate":56,"minecraft:iron_axe":4,"ironchest:gold_chest":1,"minecraft:iron_sword":1,"minecraft:polished_granite":52,"minecraft:bread":19,"minecraft:air":0,"minecraft:jungle_planks":4,"minecraft:oak_boat":2,"minecraft:iron_shovel":3,"minecraft:iron_leggings":2,"minecraft:acacia_planks":24,"minecraft:torch":48,"ironchest:iron_chest":1},"minecraft:broken":{"minecraft:iron_shovel":1,"minecraft:iron_chestplate":1,"minecraft:iron_leggings":1,"minecraft:iron_sword":1,"minecraft:iron_axe":2,"minecraft:iron_helmet":1},"minecraft:killed_by":{"born_in_chaos_v1:nightmare_stalker":1,"minecraft:pillager":1,"born_in_chaos_v1:bone_imp_minion":2,"born_in_chaos_v1:corpse_fly":1,"minecraft:cave_spider":1,"born_in_chaos_v1:supreme_bonescaller_not_despawn":1,"born_in_chaos_v1:supreme_bonescaller_stage_2":1,"iceandfire:fire_dragon":2,"minecraft:vex":1,"born_in_chaos_v1:baby_skeleton_minion":2,"minecraft:stray":1,"minecraft:spider":1},"minecraft:mined":{"quark:dark_oak_bookshelf":1,"quark:iron_plate":1,"minecraft:stone_pressure_plate":1,"quark:yellow_blossom_leaves":2,"minecraft:cobblestone_stairs":17,"minecraft:potted_crimson_fungus":1,"minecraft:spruce_trapdoor":18,"minecraft:granite":53,"minecraft:acacia_log":67,"minecraft:grass_block":402,"minecraft:polished_diorite":7,"minecraft:spawner":11,"minecraft:tall_seagrass":1,"minecraft:fire":1,"minecraft:iron_ore":49,"minecraft:sticky_piston":2,"quark:iron_rod":1,"minecraft:red_tulip":1,"minecraft:iron_block":3,"minecraft:green_bed":1,"minecraft:orange_bed":2,"minecraft:piston_head":2,"lootr:lootr_chest":2,"minecraft:torch":1,"minecraft:poppy":1,"minecraft:melon":5,"quark:blossom_log":9,"minecraft:spruce_wall_sign":1,"minecraft:wall_torch":3,"minecraft:seagrass":1,"minecraft:chain":4,"regions_unexplored:hyssop":11,"minecraft:birch_log":6,"minecraft:wheat":9,"minecraft:potted_poppy":1,"minecraft:grass":50,"minecraft:oak_log":12,"minecraft:acacia_fence":5,"minecraft:dirt":141,"regions_unexplored:clover":3,"minecraft:smooth_basalt":1,"minecraft:potted_red_tulip":1,"minecraft:netherrack":7,"minecraft:deepslate":61,"regions_unexplored:fireweed":3,"minecraft:yellow_terracotta":1,"iceandfire:silver_ore":4,"betterarcheology:vase_green":1,"create:ochrum":3,"minecraft:sandstone":1,"minecraft:furnace":2,"minecraft:acacia_stairs":13,"minecraft:andesite":33,"minecraft:polished_deepslate":2,"minecraft:bookshelf":8,"minecraft:deepslate_iron_ore":20,"minecraft:lantern":1,"regions_unexplored:medium_grass":25,"minecraft:stone":30,"minecraft:podzol":4,"regions_unexplored:chalk_grass_block":1,"minecraft:scaffolding":5,"supplementaries:statue":1,"minecraft:brown_carpet":1,"minecraft:polished_granite":1,"minecraft:spruce_door":3,"minecraft:crafting_table":5,"minecraft:cornflower":2,"minecraft:emerald_ore":2,"born_in_chaos_v1:black_argillite_brick_n":2,"minecraft:campfire":4,"minecraft:tall_grass":3,"minecraft:deepslate_gold_ore":2,"regions_unexplored:daisy":3,"minecraft:diorite":132,"minecraft:air":12,"minecraft:spruce_stairs":10,"minecraft:spruce_log":54,"quark:rusty_iron_plate":3,"minecraft:coal_ore":29,"minecraft:cobweb":3,"minecraft:cracked_stone_bricks":1,"minecraft:acacia_planks":8,"minecraft:polished_andesite":2,"minecraft:stone_bricks":1,"minecraft:mossy_stone_bricks":1,"minecraft:gold_ore":6,"minecraft:fern":1},"minecraft:used":{"minecraft:beetroot":5,"minecraft:iron_shovel":563,"minecraft:polished_deepslate":13,"minecraft:chest":2,"minecraft:iron_sword":455,"minecraft:carrot":1,"minecraft:acacia_sapling":3,"minecraft:stripped_spruce_log":101,"minecraft:lantern":1,"minecraft:scaffolding":1,"minecraft:furnace":2,"minecraft:acacia_fence":5,"minecraft:egg":1,"minecraft:potato":4,"minecraft:stone_pickaxe":37,"minecraft:oak_planks":9,"qualitycrops:melon_slice_diamond":2,"minecraft:ender_pearl":1,"minecraft:cookie":2,"regions_unexplored:chalk":1,"minecraft:yellow_terracotta":1,"minecraft:acacia_leaves":5,"regions_unexplored:fireweed":1,"minecraft:bread":79,"minecraft:stone_button":12,"minecraft:polished_granite":31,"qualitycrops:cooked_chicken_diamond":1,"minecraft:andesite":1,"minecraft:oak_boat":3,"minecraft:bone_meal":21,"minecraft:experience_bottle":1,"minecraft:acacia_log":105,"minecraft:armor_stand":1,"vinery:jungle_grapes_red":1,"minecraft:netherrack":3,"minecraft:orange_bed":2,"minecraft:torch":24,"minecraft:dirt":77,"minecraft:spyglass":7,"minecraft:polished_diorite":87,"minecraft:iron_hoe":27,"minecraft:iron_axe":375,"minecraft:totem_of_undying":1,"minecraft:goat_horn":4,"ironchest:gold_chest":1,"minecraft:cooked_beef":2,"minecraft:acacia_planks":17,"minecraft:knowledge_book":2,"minecraft:wheat_seeds":58,"minecraft:cobblestone_stairs":1,"minecraft:polished_andesite":11,"minecraft:baked_potato":3,"quark:abacus":8,"qualitycrops:cooked_porkchop_gold":1,"minecraft:crafting_table":6,"quark:acacia_chest":2,"minecraft:spruce_log":4,"minecraft:acacia_stairs":1,"minecraft:apple":22,"minecraft:iron_pickaxe":470,"iceandfire:dragon_horn":14,"minecraft:spruce_sapling":3,"minecraft:acacia_fence_gate":2,"minecraft:cobblestone":2,"minecraft:cooked_porkchop":2},"minecraft:dropped":{"minecraft:spruce_sign":4,"minecraft:iron_sword":1,"chococraft:loverly_gysahl_green":1,"minecraft:crafting_table":1,"minecraft:cookie":3,"minecraft:leather_helmet":1,"minecraft:dirt":130,"iceandfire:dragon_horn":1,"minecraft:wooden_sword":1,"minecraft:bone_meal":132,"minecraft:iron_pickaxe":1,"minecraft:goat_horn":2,"minecraft:spyglass":1,"tombstone:gift":4,"minecraft:rotten_flesh":6,"minecraft:leather_chestplate":1,"minecraft:charcoal":4,"minecraft:melon_seeds":3,"born_in_chaos_v1:corpse_maggot":1,"minecraft:leather_boots":1,"minecraft:acacia_sapling":2,"minecraft:leather_leggings":1,"minecraft:bread":7,"regions_unexplored:fireweed":18,"minecraft:wheat_seeds":11,"iceandfire:deathworm_egg":1,"minecraft:knowledge_book":57,"minecraft:iron_helmet":2,"iceandfire:dragon_stick":3,"chococraft:gysahl_green_seeds":4,"minecraft:spruce_door":3,"minecraft:acacia_log":32,"regions_unexplored:daisy":12,"iceandfire:dragon_flute":1,"born_in_chaos_v1:gnawed_bones":1,"minecraft:map":1,"tombstone:grave_dust":5,"minecraft:iron_leggings":1,"minecraft:iron_axe":1,"minecraft:iron_shovel":1,"minecraft:string":1,"minecraft:tripwire_hook":1,"minecraft:spruce_sapling":13,"minecraft:smooth_basalt":1,"minecraft:polished_diorite":6,"minecraft:kelp":7,"create:ochrum":3,"minecraft:chicken":4,"regions_unexplored:clover":4,"regions_unexplored:hyssop":43,"minecraft:potato":4,"minecraft:flower_pot":2,"iceandfire:rotten_egg":26,"minecraft:spruce_trapdoor":1,"minecraft:iron_chestplate":1,"minecraft:oak_sapling":1,"minecraft:stone_pressure_plate":4,"minecraft:birch_sign":1,"minecraft:brown_carpet":5,"quark:rusty_iron_plate":3,"chococraft:gysahl_green":13}},"DataVersion":3465}