{"stats":{"minecraft:killed_by":{"minecraft:pillager":1},"minecraft:mined":{"minecraft:scaffolding":5,"minecraft:stone_pressure_plate":1,"lootr:lootr_chest":2,"minecraft:cobblestone_stairs":17,"minecraft:brown_carpet":1,"minecraft:spruce_door":3,"minecraft:crafting_table":1,"minecraft:cornflower":2,"minecraft:spruce_trapdoor":18,"minecraft:acacia_log":56,"minecraft:grass_block":1,"minecraft:poppy":1,"minecraft:campfire":4,"minecraft:spruce_wall_sign":1,"minecraft:tall_grass":1,"minecraft:polished_diorite":6,"minecraft:wall_torch":1,"minecraft:air":12,"minecraft:spruce_stairs":10,"minecraft:furnace":2,"minecraft:iron_ore":4,"minecraft:fire":1,"minecraft:acacia_stairs":13,"minecraft:potted_poppy":1,"minecraft:bookshelf":8,"minecraft:grass":5,"minecraft:red_tulip":1,"minecraft:lantern":1,"minecraft:acacia_fence":5,"minecraft:acacia_planks":8,"minecraft:potted_red_tulip":1,"minecraft:orange_bed":2},"minecraft:dropped":{"tombstone:gift":2,"minecraft:chicken":4,"minecraft:spruce_door":1,"minecraft:leather_helmet":1,"minecraft:leather_chestplate":1,"minecraft:potato":4,"minecraft:spruce_trapdoor":1,"minecraft:charcoal":4,"minecraft:melon_seeds":3,"minecraft:leather_boots":1,"tombstone:grave_dust":2,"minecraft:leather_leggings":1,"minecraft:stone_pressure_plate":4,"minecraft:brown_carpet":4,"minecraft:spruce_sign":4},"minecraft:used":{"minecraft:knowledge_book":2,"minecraft:wheat_seeds":58,"minecraft:cobblestone_stairs":1,"minecraft:acacia_log":105,"minecraft:armor_stand":1,"minecraft:stone_pickaxe":35,"minecraft:chest":2,"minecraft:orange_bed":2,"minecraft:dirt":1,"minecraft:crafting_table":1,"quark:acacia_chest":2,"minecraft:acacia_leaves":5,"minecraft:iron_hoe":27,"minecraft:acacia_stairs":1,"minecraft:lantern":1,"minecraft:iron_axe":165,"minecraft:bread":7,"minecraft:stone_button":12,"minecraft:acacia_fence_gate":2,"minecraft:furnace":2,"minecraft:acacia_fence":5,"minecraft:acacia_planks":9,"minecraft:experience_bottle":1},"minecraft:picked_up":{"minecraft:crafting_table":1,"minecraft:charcoal":8,"minecraft:leather_chestplate":1,"qualitycrops:wheat_gold":2,"minecraft:wheat":23,"vinery:red_grape":7,"minecraft:chicken":8,"minecraft:flower_pot":2,"minecraft:leather_leggings":1,"minecraft:leather":1,"minecraft:potato":8,"minecraft:cobblestone_stairs":16,"qualitycrops:wheat_diamond":2,"minecraft:cornflower":2,"minecraft:dirt":1,"minecraft:lantern":1,"minecraft:leather_boots":1,"minecraft:armor_stand":1,"minecraft:item_frame":3,"minecraft:iron_shovel":1,"minecraft:bone":1,"minecraft:experience_bottle":1,"minecraft:acacia_planks":7,"minecraft:wheat_seeds":69,"minecraft:stone_pickaxe":1,"minecraft:poppy":2,"minecraft:sugar_cane":3,"minecraft:chest":2,"minecraft:spruce_trapdoor":19,"minecraft:furnace":2,"minecraft:book":21,"minecraft:scaffolding":5,"minecraft:raw_iron":4,"minecraft:acacia_fence":5,"qualitycrops:sugar_cane_gold":1,"born_in_chaos_v1:ethereal_spirit":2,"minecraft:torch":9,"minecraft:acacia_log":164,"minecraft:spruce_stairs":9,"minecraft:stone_button":18,"qualitycrops:mutton_diamond":1,"tombstone:grave_dust":3,"minecraft:acacia_stairs":13,"minecraft:spruce_door":2,"minecraft:leather_helmet":1,"minecraft:stone_pressure_plate":4,"minecraft:brown_carpet":4,"minecraft:orange_bed":2,"minecraft:iron_hoe":1,"qualitycrops:wheat_iron":3,"minecraft:polished_diorite":6,"minecraft:red_tulip":2,"minecraft:spruce_sign":7,"minecraft:melon_seeds":3,"minecraft:coal":16},"minecraft:custom":{"lootr:looted_stat":9,"minecraft:interact_with_furnace":7,"minecraft:mob_kills":4,"minecraft:interact_with_crafting_table":6,"minecraft:open_barrel":1,"minecraft:damage_dealt_resisted":19,"minecraft:eat_cake_slice":1,"minecraft:leave_game":2,"minecraft:time_since_death":32311,"minecraft:sleep_in_bed":2,"minecraft:time_since_rest":4517,"minecraft:sprint_one_cm":78713,"minecraft:damage_taken":607,"minecraft:walk_one_cm":211243,"tombstone:sneak_grave":2,"minecraft:drop":18,"minecraft:damage_dealt":952,"minecraft:swim_one_cm":2608,"minecraft:fly_one_cm":238668,"minecraft:open_chest":8,"minecraft:crouch_one_cm":3086,"minecraft:play_time":74488,"tombstone:undead_killed":4,"minecraft:deaths":1,"minecraft:sneak_time":2119,"minecraft:walk_under_water_one_cm":355,"minecraft:jump":373,"minecraft:walk_on_water_one_cm":2252,"minecraft:total_world_time":74488,"minecraft:fall_one_cm":7139},"minecraft:crafted":{"minecraft:bread":7,"quark:acacia_chest":2,"minecraft:iron_axe":2,"minecraft:stick":4,"minecraft:acacia_planks":24},"minecraft:broken":{"minecraft:iron_axe":1},"minecraft:killed":{"born_in_chaos_v1:spirit_guide":1,"born_in_chaos_v1:spirit_guide_assistant":3}},"DataVersion":3465}