{"stats":{"minecraft:killed":{"minecraft:spider":12,"minecraft:skeleton":30,"minecraft:zombie_villager":1,"minecraft:creeper":3,"minecraft:trader_llama":6,"minecraft:zombie":41,"alexsmobs:fly":1,"iceandfire:sea_serpent":1,"minecraft:cow":5,"chococraft:chocobo":1,"minecraft:slime":4,"minecraft:horse":2,"minecraft:husk":53,"minecraft:wandering_trader":3,"iceandfire:ghost":3,"minecraft:villager":3},"minecraft:mined":{"minecraft:stone_pressure_plate":11,"minecraft:white_bed":2,"iceandfire:graveyard_soil":2,"minecraft:cobblestone_stairs":17,"minecraft:spruce_trapdoor":3,"minecraft:acacia_log":84,"minecraft:grass_block":37,"minecraft:oak_pressure_plate":4,"minecraft:polished_diorite":7,"minecraft:spawner":5,"minecraft:iron_ore":77,"minecraft:fire":7,"minecraft:deepslate_lapis_ore":4,"chococraft:gysahl_green":8,"iceandfire:gold_pile":42,"minecraft:dirt_path":2,"minecraft:iron_block":1,"minecraft:orange_bed":1,"minecraft:cut_sandstone":2,"minecraft:clay":15,"minecraft:torch":10,"minecraft:poppy":1,"minecraft:melon":5,"minecraft:chest":4,"minecraft:spruce_wall_sign":1,"minecraft:cobblestone":8,"minecraft:oak_planks":7,"minecraft:iron_door":1,"minecraft:wall_torch":5,"minecraft:skeleton_skull":1,"minecraft:acacia_sapling":1,"valhelsia_structures:bone_pile":6,"paraglider:horned_statue":2,"minecraft:wheat":199,"minecraft:tnt":2,"minecraft:grass":31,"biomesoplenty:clover":2,"minecraft:oak_log":12,"minecraft:acacia_fence":22,"minecraft:dirt":9,"minecraft:piston":1,"minecraft:oak_leaves":4,"minecraft:deepslate":18,"minecraft:yellow_terracotta":1,"minecraft:tuff":1,"iceandfire:silver_ore":13,"minecraft:mossy_cobblestone":1,"minecraft:deepslate_diamond_ore":8,"biomesoplenty:desert_grass":4,"biomesoplenty:bush":1,"minecraft:decorated_pot":5,"minecraft:redstone_wire":5,"minecraft:spruce_leaves":1,"minecraft:sandstone":10,"biomesoplenty:dune_grass":2,"minecraft:hay_block":27,"minecraft:furnace":2,"minecraft:acacia_trapdoor":8,"valhelsia_structures:cracked_big_glazed_jar":1,"minecraft:acacia_stairs":14,"minecraft:andesite":11,"minecraft:gold_block":3,"minecraft:bookshelf":7,"minecraft:deepslate_iron_ore":33,"minecraft:cobblestone_slab":1,"minecraft:vine":1,"minecraft:lantern":1,"minecraft:stone":32,"farmersdelight:cooking_pot":4,"iceandfire:pixie_jar_empty":2,"minecraft:scaffolding":1,"minecraft:redstone_block":1,"minecraft:comparator":1,"minecraft:brown_carpet":2,"minecraft:dandelion":1,"minecraft:crafting_table":2,"minecraft:campfire":1,"minecraft:tall_grass":6,"biomesoplenty:huge_clover_petal":4,"minecraft:lapis_ore":2,"minecraft:deepslate_gold_ore":3,"supplementaries:urn":13,"minecraft:spruce_stairs":1,"minecraft:acacia_fence_gate":3,"minecraft:spruce_log":8,"minecraft:coal_ore":51,"minecraft:flower_pot":3,"minecraft:cobweb":10,"minecraft:acacia_planks":2,"minecraft:orange_wall_banner":1,"minecraft:gold_ore":4,"minecraft:fern":1},"minecraft:dropped":{"sophisticatedbackpacks:iron_backpack":1,"minecraft:iron_sword":3,"minecraft:oak_pressure_plate":2,"minecraft:diamond":5,"minecraft:crafting_table":1,"minecraft:cooked_porkchop":2,"minecraft:leather":1,"minecraft:dirt":9,"tombstone:scroll_of_frost_resistance":2,"minecraft:bone_meal":1,"minecraft:iron_pickaxe":1,"iceandfire:armor_gray_helmet":2,"minecraft:gold_ingot":1,"minecraft:bone":6,"minecraft:armor_stand":7,"minecraft:prize_pottery_sherd":2,"minecraft:golden_chestplate":1,"minecraft:cobbled_deepslate":1,"minecraft:wheat":1,"tombstone:gift":3,"tombstone:tablet_of_recall":1,"minecraft:rotten_flesh":33,"minecraft:oak_planks":9,"minecraft:cooked_mutton":5,"alexsmobs:emu_egg":2,"minecraft:acacia_stairs":14,"minecraft:carrot":10,"minecraft:poppy":1,"minecraft:leather_chestplate":1,"supplementaries:flax_seeds":1,"supplementaries:ash":16,"minecraft:skeleton_skull":1,"iceandfire:tide_green_helmet":4,"biomesoplenty:wildflower":1,"iceandfire:bestiary":3,"tombstone:scroll_of_knowledge":1,"minecraft:leather_leggings":1,"chococraft:chocobo_saddle":1,"minecraft:scaffolding":21,"iceandfire:manuscript":1,"minecraft:egg":2,"minecraft:enchanted_book":1,"minecraft:golden_boots":1,"minecraft:iron_ingot":3,"minecraft:bread":89,"minecraft:wheat_seeds":205,"minecraft:feather":4,"minecraft:iron_helmet":3,"minecraft:cobblestone":6,"minecraft:lead":3,"minecraft:book":4,"iceandfire:dragon_stick":2,"minecraft:acacia_log":27,"minecraft:golden_apple":1,"minecraft:coal":28,"minecraft:stick":5,"qualitycrops:bread_iron":4,"minecraft:cobweb":11,"tombstone:magic_scroll":2,"minecraft:torch":8,"farmersdelight:cooking_pot":1,"minecraft:melon_slice":3,"tombstone:grave_dust":14,"minecraft:iron_leggings":5,"minecraft:iron_axe":3,"minecraft:iron_shovel":2,"minecraft:paper":3,"minecraft:string":13,"minecraft:bucket":1,"minecraft:dandelion":1,"minecraft:polished_diorite":1,"tombstone:familiar_stone":1,"chococraft:chocobo_feather":5,"minecraft:bowl":1,"minecraft:tuff":1,"farmersdelight:tomato_sauce":1,"minecraft:clay_ball":34,"minecraft:iron_boots":4,"qualitycrops:bread_diamond":1,"sophisticatedbackpacks:backpack":5,"minecraft:name_tag":1,"minecraft:red_terracotta":2,"alexsmobs:cooked_kangaroo_meat":1,"minecraft:potato":2,"supplementaries:quiver":1,"minecraft:shield":1,"minecraft:flower_pot":1,"minecraft:orange_terracotta":2,"minecraft:allium":3,"iceandfire:armor_gray_chestplate":1,"minecraft:bundle":4,"minecraft:diamond_pickaxe":1,"minecraft:iron_chestplate":4,"minecraft:andesite":1,"minecraft:oak_sapling":1,"minecraft:stone_pressure_plate":1,"minecraft:birch_sign":29,"minecraft:brown_carpet":2,"minecraft:bow":3,"minecraft:stone_pickaxe":1,"farmersdelight:tomato":1,"tombstone:tablet_of_cupidity":1,"minecraft:brick":2,"minecraft:terracotta":1},"minecraft:broken":{"minecraft:iron_leggings":1,"minecraft:iron_sword":3,"minecraft:chainmail_helmet":1,"minecraft:iron_pickaxe":1},"minecraft:custom":{"minecraft:interact_with_crafting_table":55,"minecraft:open_barrel":15,"minecraft:bell_ring":1,"minecraft:eat_cake_slice":4,"minecraft:leave_game":23,"minecraft:time_since_death":17480,"minecraft:sprint_one_cm":758201,"minecraft:drop":229,"minecraft:talked_to_villager":6,"minecraft:play_time":573509,"minecraft:deaths":12,"minecraft:jump":5632,"minecraft:interact_with_brewingstand":1,"minecraft:walk_on_water_one_cm":44509,"minecraft:interact_with_furnace":43,"minecraft:sleep_in_bed":20,"minecraft:waystone_activated":1,"minecraft:damage_dealt":32223,"minecraft:crouch_one_cm":21082,"tombstone:undead_killed":128,"tombstone:villager_killed":6,"minecraft:interact_with_smoker":2,"minecraft:inspect_dispenser":4,"minecraft:horse_one_cm":973,"minecraft:mob_kills":172,"minecraft:inspect_hopper":1,"minecraft:damage_dealt_resisted":11,"minecraft:climb_one_cm":2665,"minecraft:walk_one_cm":1660683,"minecraft:sneak_time":9067,"minecraft:walk_under_water_one_cm":26426,"minecraft:interact_with_lectern":12,"minecraft:interact_with_blast_furnace":13,"minecraft:total_world_time":573509,"minecraft:interact_with_grindstone":2,"minecraft:time_since_rest":17253,"minecraft:damage_taken":8591,"minecraft:trigger_trapped_chest":4,"minecraft:swim_one_cm":93535,"minecraft:fly_one_cm":1167863,"minecraft:open_chest":204,"minecraft:fall_one_cm":153380},"minecraft:picked_up":{"qualitycrops:wheat_gold":12,"minecraft:iron_chestplate":7,"chococraft:loverly_gysahl_green":1,"minecraft:wheat":225,"minecraft:suspicious_stew":1,"minecraft:redstone_block":1,"minecraft:flower_pot":3,"minecraft:lead":6,"minecraft:enchanted_book":2,"alexsmobs:gazelle_horn":1,"minecraft:string":31,"minecraft:iron_leggings":8,"minecraft:armor_stand":7,"minecraft:experience_bottle":1,"minecraft:gold_nugget":543,"minecraft:cobbled_deepslate":18,"minecraft:comparator":1,"minecraft:acacia_fence_gate":3,"minecraft:written_book":1,"minecraft:iron_pickaxe":1,"farmersdelight:pasta_with_meatballs":1,"minecraft:melon_slice":23,"farmersdelight:cabbage_seeds":7,"minecraft:furnace":2,"minecraft:iron_boots":8,"minecraft:tipped_arrow":3,"minecraft:stick":4,"minecraft:acacia_fence":20,"minecraft:torch":44,"minecraft:acacia_log":84,"minecraft:spruce_stairs":1,"minecraft:porkchop":2,"iceandfire:rotten_egg":1,"tombstone:grave_dust":30,"tombstone:tablet_of_cupidity":1,"minecraft:brown_carpet":5,"minecraft:yellow_banner":4,"minecraft:orange_bed":1,"minecraft:rotten_flesh":102,"iceandfire:fire_dragon_heart":1,"minecraft:iron_block":1,"alexsmobs:emu_egg":6,"supplementaries:quiver":1,"chococraft:chocobo_drumstick_raw":1,"supplementaries:ash":71,"minecraft:cobblestone":43,"minecraft:leather_chestplate":2,"minecraft:feather":4,"minecraft:iron_door":1,"minecraft:water_bucket":1,"minecraft:andesite":11,"minecraft:orange_carpet":2,"minecraft:potato":3,"paraglider:spirit_orb":2,"minecraft:flint":1,"minecraft:tuff":1,"supplementaries:flax_seeds":8,"alexsmobs:cooked_kangaroo_meat":1,"minecraft:lantern":3,"minecraft:lapis_lazuli":40,"farmersdelight:tomato":11,"minecraft:dirt":66,"minecraft:name_tag":1,"minecraft:leather_boots":1,"minecraft:bone":100,"minecraft:acacia_planks":2,"minecraft:bow":4,"minecraft:wheat_seeds":669,"minecraft:raw_gold":7,"iceandfire:armor_gray_chestplate":2,"minecraft:oak_planks":10,"minecraft:cooked_porkchop":4,"minecraft:oak_pressure_plate":5,"iceandfire:dragon_skull_fire":1,"sophisticatedbackpacks:iron_backpack":1,"minecraft:acacia_stairs":28,"minecraft:red_terracotta":2,"minecraft:bundle":8,"minecraft:iron_hoe":1,"qualitycrops:wheat_iron":17,"tombstone:familiar_stone":2,"minecraft:diamond":16,"tombstone:tablet_of_recall":1,"minecraft:crossbow":1,"minecraft:granite":1,"minecraft:bone_meal":1,"minecraft:diamond_pickaxe":1,"minecraft:golden_apple":1,"minecraft:emerald":2,"minecraft:chainmail_helmet":1,"minecraft:spruce_sign":2,"minecraft:golden_horse_armor":1,"minecraft:bread":54,"minecraft:blue_banner":7,"alexsmobs:maggot":2,"minecraft:oak_sapling":1,"iceandfire:raw_silver":13,"iceandfire:dragon_skull_lightning":1,"minecraft:charcoal":2,"minecraft:crafting_table":2,"minecraft:allium":2,"minecraft:clay_ball":56,"minecraft:leather_leggings":1,"minecraft:gold_block":3,"farmersdelight:tomato_sauce":1,"minecraft:orange_banner":3,"minecraft:brick":17,"iceandfire:armor_gray_helmet":3,"qualitycrops:wheat_diamond":11,"minecraft:iron_axe":3,"minecraft:item_frame":9,"minecraft:white_carpet":2,"minecraft:iron_shovel":3,"iceandfire:bestiary":2,"minecraft:beef":13,"minecraft:poppy":1,"biomesoplenty:wildflower":1,"minecraft:sugar_cane":1,"minecraft:chest":4,"minecraft:piston":1,"minecraft:spruce_trapdoor":3,"minecraft:egg":2,"minecraft:raw_iron":110,"iceandfire:dragonbone":32,"iceandfire:dragonscales_gray":14,"minecraft:glow_item_frame":1,"sophisticatedbackpacks:backpack":4,"qualitycrops:bread_diamond":1,"minecraft:carrot":12,"minecraft:redstone":5,"minecraft:stone_pressure_plate":12,"minecraft:tnt":2,"alexsmobs:kangaroo_burger":2,"minecraft:arrow":37,"minecraft:pumpkin_pie":2,"iceandfire:chared_dirt":10,"iceandfire:tide_green_helmet":2,"minecraft:hay_block":27,"tombstone:essence_of_undeath":1,"minecraft:gold_ingot":5,"paraglider:horned_statue":3,"minecraft:skeleton_skull":2,"iceandfire:sea_serpent_fang":9,"minecraft:glow_ink_sac":8,"minecraft:leather":15,"chococraft:chocobo_saddle":2,"minecraft:oak_log":11,"minecraft:golden_boots":1,"minecraft:gunpowder":1,"minecraft:cobblestone_stairs":17,"minecraft:white_banner":2,"minecraft:orange_terracotta":2,"minecraft:cooked_mutton":8,"chococraft:chocobo_feather":20,"chococraft:gysahl_green":15,"farmersdelight:cooking_pot":3,"minecraft:apple":1,"iceandfire:pixie_jar_empty":2,"minecraft:acacia_trapdoor":8,"iceandfire:dragon_stick":2,"minecraft:iron_ingot":11,"minecraft:stone_pickaxe":2,"minecraft:cobweb":18,"tombstone:bag_of_seeds":1,"tombstone:scroll_of_frost_resistance":2,"iceandfire:fire_dragon_flesh":4,"minecraft:iron_sword":6,"minecraft:acacia_sapling":13,"minecraft:scaffolding":63,"minecraft:book":24,"iceandfire:sea_serpent_scales_green":6,"minecraft:dandelion":1,"qualitycrops:bread_iron":4,"minecraft:prize_pottery_sherd":4,"chococraft:gysahl_green_seeds":6,"minecraft:white_bed":3,"minecraft:spruce_log":8,"minecraft:spider_eye":3,"minecraft:archer_pottery_sherd":2,"tombstone:scroll_of_true_sight":2,"minecraft:pumpkin_seeds":2,"minecraft:slime_ball":2,"minecraft:polished_diorite":7,"minecraft:iron_helmet":4,"minecraft:birch_sign":29,"minecraft:terracotta":1,"tombstone:magic_scroll":10,"iceandfire:chared_gravel":9,"minecraft:coal":79},"minecraft:used":{"alexsmobs:emu_egg":2,"minecraft:iron_shovel":81,"farmersdelight:cabbage_seeds":1,"minecraft:chest":8,"farmersdelight:stove":1,"minecraft:iron_sword":782,"minecraft:acacia_sapling":7,"farmersdelight:tomato":1,"minecraft:lantern":2,"tombstone:tablet_of_cupidity":3,"minecraft:item_frame":3,"minecraft:brown_carpet":2,"minecraft:written_book":6,"minecraft:scaffolding":1,"iceandfire:pixie_jar_empty":1,"minecraft:stone_pickaxe":2,"minecraft:blast_furnace":1,"minecraft:firework_rocket":7,"minecraft:bread":72,"minecraft:melon_slice":10,"minecraft:andesite":9,"minecraft:cobweb":6,"minecraft:experience_bottle":1,"minecraft:spruce_planks":4,"minecraft:orange_bed":1,"minecraft:torch":128,"minecraft:dirt":55,"qualitycrops:bread_iron":5,"minecraft:granite":1,"paraglider:horned_statue":1,"minecraft:iron_axe":248,"minecraft:iron_boots":3,"alexsmobs:kangaroo_burger":2,"iceandfire:tide_green_helmet":2,"farmersdelight:cooking_pot":3,"tombstone:gift":2,"minecraft:cobbled_deepslate":15,"minecraft:acacia_planks":29,"qualitycrops:bread_diamond":8,"minecraft:wheat_seeds":179,"minecraft:cooked_mutton":9,"iceandfire:fire_dragon_flesh":1,"minecraft:cobblestone_stairs":1,"minecraft:glow_item_frame":1,"minecraft:crafting_table":5,"minecraft:white_bed":1,"minecraft:campfire":1,"tombstone:bag_of_seeds":1,"minecraft:acacia_stairs":2,"minecraft:suspicious_stew":1,"minecraft:iron_pickaxe":391,"tombstone:magic_scroll":2,"minecraft:cobblestone":33,"minecraft:cooked_porkchop":2,"minecraft:bucket":5,"minecraft:pumpkin_pie":2,"alexsmobs:animal_dictionary":1},"minecraft:killed_by":{"minecraft:zombie":1,"iceandfire:fire_dragon":3,"minecraft:husk":1,"iceandfire:ghost":1,"iceandfire:cockatrice":1},"minecraft:crafted":{"minecraft:brick":18,"minecraft:oak_planks":32,"minecraft:smooth_stone":3,"minecraft:stone":3,"minecraft:cooked_mutton":5,"minecraft:iron_boots":1,"iceandfire:armor_gray_helmet":1,"minecraft:chest":7,"minecraft:bricks":4,"farmersdelight:stove":1,"minecraft:wooden_shovel":1,"sophisticatedbackpacks:backpack":2,"minecraft:crafting_table":4,"minecraft:spruce_planks":16,"qualitycrops:bread_iron":6,"qualitycrops:dough_iron":6,"minecraft:campfire":2,"iceandfire:armor_gray_chestplate":1,"iceandfire:tide_green_helmet":1,"minecraft:iron_chestplate":1,"minecraft:diamond_pickaxe":1,"minecraft:stick":52,"minecraft:iron_ingot":39,"minecraft:iron_pickaxe":1,"minecraft:gold_ingot":48,"iceandfire:dragon_stick":1,"minecraft:blast_furnace":1,"qualitycrops:bread_diamond":9,"qualitycrops:dough_diamond":9,"minecraft:iron_axe":1,"minecraft:wheat":126,"minecraft:iron_sword":1,"farmersdelight:cooking_pot":1,"minecraft:bucket":1,"minecraft:bread":115,"minecraft:air":0,"iceandfire:bestiary":1,"minecraft:iron_leggings":1,"chococraft:chocobo_saddle":1,"minecraft:acacia_planks":92,"minecraft:torch":132}},"DataVersion":3465}