{"stats":{"minecraft:crafted":{"minecraft:crafting_table":1,"minecraft:spruce_planks":16},"minecraft:custom":{"minecraft:time_since_rest":14277,"minecraft:interact_with_furnace":2,"minecraft:sprint_one_cm":49556,"minecraft:damage_taken":140,"minecraft:walk_one_cm":122001,"minecraft:drop":17,"minecraft:damage_dealt":10,"minecraft:swim_one_cm":2117,"minecraft:talked_to_villager":1,"minecraft:fly_one_cm":86495,"minecraft:open_chest":22,"minecraft:crouch_one_cm":219,"minecraft:play_time":31845,"minecraft:bell_ring":1,"minecraft:sneak_time":217,"minecraft:walk_under_water_one_cm":334,"minecraft:jump":403,"minecraft:eat_cake_slice":2,"minecraft:leave_game":2,"minecraft:time_since_death":31845,"minecraft:walk_on_water_one_cm":1129,"minecraft:sleep_in_bed":1,"minecraft:interact_with_smoker":2,"minecraft:total_world_time":31845,"minecraft:fall_one_cm":15208,"minecraft:horse_one_cm":192},"minecraft:dropped":{"minecraft:bread":7,"minecraft:leather_chestplate":1,"minecraft:cooked_porkchop":2,"iceandfire:bestiary":1,"minecraft:iron_helmet":1,"minecraft:leather_leggings":1,"minecraft:stone_pickaxe":1,"alexsmobs:emu_egg":1,"farmersdelight:tomato":1,"minecraft:armor_stand":3},"minecraft:mined":{"minecraft:white_bed":1,"minecraft:iron_ore":4,"minecraft:spruce_log":4,"minecraft:acacia_stairs":2,"minecraft:grass":2,"minecraft:tall_grass":1,"minecraft:spruce_leaves":1},"minecraft:used":{"alexsmobs:emu_egg":1,"minecraft:acacia_stairs":2,"farmersdelight:tomato":1,"minecraft:bread":4,"minecraft:iron_pickaxe":5,"farmersdelight:cabbage_seeds":1,"minecraft:iron_sword":6,"minecraft:item_frame":2,"alexsmobs:animal_dictionary":1,"minecraft:white_bed":1},"minecraft:picked_up":{"minecraft:tipped_arrow":3,"minecraft:leather_chestplate":2,"minecraft:cooked_porkchop":4,"minecraft:leather_leggings":1,"minecraft:porkchop":2,"minecraft:golden_boots":1,"minecraft:white_bed":1,"minecraft:spruce_log":4,"minecraft:carrot":1,"minecraft:acacia_stairs":2,"farmersdelight:tomato":3,"minecraft:armor_stand":3,"minecraft:iron_leggings":1,"minecraft:iron_hoe":1,"minecraft:cooked_mutton":3,"minecraft:item_frame":2,"minecraft:iron_shovel":1,"minecraft:experience_bottle":1,"minecraft:bow":1,"minecraft:iron_helmet":1,"minecraft:chainmail_helmet":1,"minecraft:crossbow":1,"minecraft:iron_ingot":3,"minecraft:stone_pickaxe":1,"alexsmobs:emu_egg":3,"minecraft:gold_ingot":2,"minecraft:bread":2,"minecraft:melon_slice":1,"minecraft:iron_sword":1,"farmersdelight:cabbage_seeds":1,"minecraft:egg":2}},"DataVersion":3465}