{"stats":{"minecraft:crafted":{"minecraft:crafting_table":1,"minecraft:spruce_planks":16,"minecraft:stick":8,"minecraft:torch":32},"minecraft:custom":{"minecraft:interact_with_furnace":4,"minecraft:mob_kills":21,"minecraft:bell_ring":1,"minecraft:eat_cake_slice":2,"minecraft:leave_game":2,"minecraft:time_since_death":3330,"minecraft:sleep_in_bed":3,"minecraft:time_since_rest":2051,"minecraft:sprint_one_cm":69196,"minecraft:damage_taken":1215,"minecraft:walk_one_cm":243726,"minecraft:drop":21,"minecraft:damage_dealt":4531,"minecraft:swim_one_cm":3725,"minecraft:talked_to_villager":1,"minecraft:fly_one_cm":113938,"minecraft:open_chest":27,"minecraft:crouch_one_cm":2075,"minecraft:play_time":55845,"tombstone:undead_killed":18,"minecraft:deaths":2,"minecraft:sneak_time":986,"minecraft:walk_under_water_one_cm":3252,"minecraft:jump":757,"minecraft:walk_on_water_one_cm":4035,"minecraft:total_world_time":55845,"minecraft:interact_with_smoker":2,"minecraft:fall_one_cm":19855,"minecraft:horse_one_cm":192},"minecraft:killed":{"minecraft:spider":3,"minecraft:skeleton":8,"minecraft:zombie":10},"minecraft:dropped":{"minecraft:bread":7,"minecraft:iron_sword":1,"minecraft:cooked_porkchop":2,"minecraft:iron_helmet":1,"alexsmobs:emu_egg":1,"minecraft:leather_chestplate":1,"minecraft:bundle":1,"iceandfire:bestiary":1,"minecraft:leather_leggings":1,"minecraft:stone_pickaxe":1,"minecraft:string":6,"farmersdelight:tomato":1,"minecraft:armor_stand":3,"minecraft:egg":2},"minecraft:mined":{"minecraft:white_bed":2,"iceandfire:silver_ore":7,"minecraft:mossy_cobblestone":1,"minecraft:oak_pressure_plate":1,"minecraft:tall_grass":1,"minecraft:spruce_leaves":1,"minecraft:lapis_ore":2,"minecraft:skeleton_skull":1,"supplementaries:urn":5,"valhelsia_structures:bone_pile":6,"minecraft:iron_ore":26,"valhelsia_structures:cracked_big_glazed_jar":1,"minecraft:spruce_log":4,"minecraft:acacia_stairs":2,"minecraft:andesite":10,"minecraft:grass":4,"minecraft:cobblestone_slab":1,"minecraft:stone":14,"minecraft:orange_bed":1,"iceandfire:pixie_jar_empty":1},"minecraft:used":{"alexsmobs:emu_egg":1,"minecraft:cooked_mutton":3,"farmersdelight:cabbage_seeds":1,"minecraft:spruce_planks":4,"minecraft:iron_sword":104,"minecraft:orange_bed":1,"minecraft:torch":33,"minecraft:crafting_table":1,"minecraft:white_bed":1,"minecraft:granite":1,"minecraft:acacia_stairs":2,"farmersdelight:tomato":1,"minecraft:melon_slice":1,"minecraft:bread":7,"minecraft:iron_pickaxe":73,"minecraft:item_frame":2,"minecraft:cobblestone":15,"minecraft:cooked_porkchop":2,"minecraft:andesite":9,"alexsmobs:animal_dictionary":1,"iceandfire:pixie_jar_empty":1},"minecraft:picked_up":{"minecraft:leather_chestplate":2,"minecraft:glow_ink_sac":3,"minecraft:andesite":10,"minecraft:leather_leggings":1,"minecraft:golden_boots":1,"alexsmobs:gazelle_horn":1,"minecraft:lapis_lazuli":15,"farmersdelight:tomato":3,"minecraft:string":12,"minecraft:iron_leggings":1,"minecraft:item_frame":2,"minecraft:cooked_mutton":3,"minecraft:armor_stand":3,"minecraft:iron_shovel":1,"minecraft:experience_bottle":1,"minecraft:bone":20,"iceandfire:pixie_jar_empty":1,"minecraft:bow":1,"minecraft:gold_nugget":9,"minecraft:iron_ingot":4,"minecraft:stone_pickaxe":1,"minecraft:cobweb":4,"minecraft:melon_slice":1,"minecraft:iron_sword":2,"farmersdelight:cabbage_seeds":1,"minecraft:egg":2,"minecraft:tipped_arrow":3,"minecraft:raw_iron":26,"minecraft:cooked_porkchop":4,"minecraft:torch":1,"minecraft:oak_pressure_plate":1,"minecraft:porkchop":2,"tombstone:grave_dust":1,"minecraft:carrot":1,"minecraft:white_bed":2,"minecraft:spruce_log":4,"minecraft:acacia_stairs":2,"minecraft:spider_eye":1,"minecraft:orange_bed":1,"tombstone:scroll_of_true_sight":1,"minecraft:bundle":2,"minecraft:iron_hoe":1,"minecraft:arrow":5,"minecraft:rotten_flesh":12,"tombstone:tablet_of_recall":1,"minecraft:iron_helmet":1,"minecraft:granite":1,"minecraft:crossbow":1,"minecraft:bread":2,"alexsmobs:emu_egg":3,"minecraft:gold_ingot":3,"minecraft:chainmail_helmet":1,"supplementaries:ash":16,"tombstone:magic_scroll":2,"iceandfire:raw_silver":7,"minecraft:cobblestone":15},"minecraft:killed_by":{"cave_dweller:cave_dweller":1}},"DataVersion":3465}