{"stats":{"minecraft:killed_by":{"minecraft:pillager":1},"minecraft:mined":{"minecraft:yellow_terracotta":1,"minecraft:stone_pressure_plate":1,"minecraft:cobblestone_stairs":17,"minecraft:spruce_trapdoor":18,"minecraft:acacia_log":56,"minecraft:grass_block":1,"minecraft:polished_diorite":6,"minecraft:furnace":2,"minecraft:iron_ore":23,"minecraft:fire":1,"minecraft:andesite":1,"minecraft:acacia_stairs":13,"minecraft:bookshelf":8,"minecraft:red_tulip":1,"minecraft:deepslate_iron_ore":7,"minecraft:lantern":1,"minecraft:stone":3,"minecraft:orange_bed":2,"minecraft:scaffolding":5,"lootr:lootr_chest":2,"minecraft:brown_carpet":1,"minecraft:spruce_door":3,"minecraft:crafting_table":1,"minecraft:cornflower":2,"minecraft:poppy":1,"minecraft:campfire":4,"minecraft:spruce_wall_sign":1,"minecraft:tall_grass":1,"minecraft:wall_torch":1,"minecraft:air":12,"minecraft:spruce_stairs":10,"minecraft:wheat":9,"minecraft:potted_poppy":1,"minecraft:grass":5,"minecraft:coal_ore":21,"minecraft:acacia_fence":5,"minecraft:cracked_stone_bricks":1,"minecraft:acacia_planks":8,"minecraft:stone_bricks":1,"minecraft:potted_red_tulip":1,"minecraft:netherrack":7,"minecraft:mossy_stone_bricks":1,"minecraft:deepslate":5},"minecraft:dropped":{"minecraft:spruce_sign":4,"minecraft:spruce_door":1,"minecraft:leather_helmet":1,"tombstone:grave_dust":2,"tombstone:gift":2,"minecraft:chicken":4,"minecraft:leather_chestplate":1,"minecraft:potato":4,"iceandfire:rotten_egg":26,"minecraft:spruce_trapdoor":1,"minecraft:charcoal":4,"minecraft:melon_seeds":3,"minecraft:leather_boots":1,"minecraft:leather_leggings":1,"minecraft:stone_pressure_plate":4,"minecraft:brown_carpet":4},"minecraft:used":{"minecraft:acacia_log":105,"minecraft:armor_stand":1,"minecraft:chest":2,"minecraft:netherrack":3,"minecraft:orange_bed":2,"minecraft:torch":1,"minecraft:dirt":1,"minecraft:iron_hoe":27,"minecraft:lantern":1,"minecraft:iron_axe":203,"minecraft:furnace":2,"minecraft:acacia_fence":5,"minecraft:potato":4,"minecraft:acacia_planks":9,"minecraft:knowledge_book":2,"minecraft:wheat_seeds":58,"minecraft:cobblestone_stairs":1,"minecraft:stone_pickaxe":37,"minecraft:yellow_terracotta":1,"minecraft:crafting_table":1,"quark:acacia_chest":2,"minecraft:acacia_leaves":5,"minecraft:acacia_stairs":1,"minecraft:bread":14,"minecraft:iron_pickaxe":65,"minecraft:stone_button":12,"minecraft:acacia_fence_gate":2,"minecraft:cobblestone":2,"minecraft:andesite":1,"minecraft:experience_bottle":1},"minecraft:picked_up":{"minecraft:charcoal":8,"minecraft:crafting_table":1,"qualitycrops:wheat_gold":3,"vinery:red_grape":10,"minecraft:wheat":32,"minecraft:chicken":8,"minecraft:flower_pot":2,"minecraft:leather_leggings":1,"minecraft:knowledge_book":7,"minecraft:cornflower":2,"qualitycrops:wheat_diamond":2,"minecraft:armor_stand":1,"minecraft:item_frame":3,"minecraft:iron_shovel":1,"minecraft:experience_bottle":1,"minecraft:cracked_stone_bricks":1,"minecraft:cobbled_deepslate":4,"minecraft:poppy":2,"minecraft:sugar_cane":3,"minecraft:chest":2,"minecraft:spruce_trapdoor":19,"minecraft:furnace":2,"minecraft:raw_iron":30,"minecraft:acacia_fence":5,"qualitycrops:sugar_cane_gold":1,"minecraft:torch":9,"minecraft:acacia_log":164,"minecraft:spruce_stairs":9,"iceandfire:rotten_egg":11,"minecraft:stone_button":18,"tombstone:grave_dust":5,"qualitycrops:mutton_diamond":1,"minecraft:stone_pressure_plate":4,"minecraft:brown_carpet":4,"minecraft:orange_bed":2,"minecraft:rotten_flesh":6,"minecraft:red_tulip":2,"minecraft:yellow_terracotta":1,"minecraft:gold_ingot":1,"minecraft:cobblestone":3,"minecraft:leather_chestplate":1,"minecraft:andesite":1,"minecraft:leather":1,"minecraft:potato":8,"minecraft:cobblestone_stairs":16,"minecraft:dirt":1,"minecraft:lantern":1,"minecraft:leather_boots":1,"minecraft:bone":1,"minecraft:acacia_planks":7,"minecraft:stone_bricks":1,"minecraft:wheat_seeds":95,"minecraft:iron_ingot":3,"minecraft:stone_pickaxe":1,"minecraft:mossy_stone_bricks":1,"minecraft:book":24,"minecraft:scaffolding":5,"born_in_chaos_v1:ethereal_spirit":2,"minecraft:acacia_stairs":13,"minecraft:spruce_door":2,"minecraft:leather_helmet":1,"minecraft:iron_hoe":1,"qualitycrops:wheat_iron":5,"minecraft:polished_diorite":6,"minecraft:spruce_sign":7,"minecraft:melon_seeds":3,"minecraft:netherrack":7,"minecraft:coal":37},"minecraft:custom":{"lootr:looted_stat":14,"minecraft:mob_kills":14,"minecraft:interact_with_crafting_table":7,"minecraft:open_barrel":3,"minecraft:damage_dealt_resisted":19,"minecraft:eat_cake_slice":1,"minecraft:leave_game":4,"minecraft:time_since_death":55868,"minecraft:climb_one_cm":236,"minecraft:sprint_one_cm":136145,"minecraft:walk_one_cm":306686,"minecraft:drop":20,"minecraft:play_time":98045,"minecraft:deaths":1,"minecraft:sneak_time":2706,"minecraft:walk_under_water_one_cm":645,"minecraft:jump":652,"minecraft:walk_on_water_one_cm":5029,"minecraft:total_world_time":98045,"minecraft:interact_with_furnace":10,"minecraft:sleep_in_bed":3,"minecraft:time_since_rest":11531,"minecraft:damage_taken":882,"tombstone:sneak_grave":2,"minecraft:damage_dealt":3098,"minecraft:swim_one_cm":2608,"minecraft:fly_one_cm":290628,"minecraft:open_chest":10,"minecraft:crouch_one_cm":4403,"tombstone:undead_killed":7,"tombstone:villager_killed":1,"minecraft:fall_one_cm":15357},"minecraft:crafted":{"quark:acacia_chest":2,"minecraft:iron_axe":2,"minecraft:bread":7,"minecraft:stick":4,"minecraft:iron_ingot":1,"minecraft:iron_pickaxe":1,"minecraft:acacia_planks":24},"minecraft:broken":{"minecraft:iron_axe":1},"minecraft:killed":{"born_in_chaos_v1:restless_spirit":1,"born_in_chaos_v1:maggot":3,"born_in_chaos_v1:spirit_guide":1,"born_in_chaos_v1:spirit_guide_assistant":3,"iceandfire:cockatrice":2,"minecraft:zombie":2,"born_in_chaos_v1:door_knight":1,"minecraft:villager":1}},"DataVersion":3465}