{"stats":{"minecraft:mined":{"minecraft:stone_pressure_plate":3,"minecraft:white_bed":2,"iceandfire:graveyard_soil":2,"minecraft:cobblestone_stairs":17,"minecraft:spruce_trapdoor":3,"minecraft:acacia_log":84,"minecraft:grass_block":32,"minecraft:oak_pressure_plate":4,"minecraft:polished_diorite":7,"minecraft:spawner":1,"minecraft:iron_ore":77,"minecraft:fire":3,"minecraft:deepslate_lapis_ore":4,"chococraft:gysahl_green":8,"iceandfire:gold_pile":28,"minecraft:dirt_path":2,"minecraft:iron_block":1,"minecraft:orange_bed":1,"minecraft:torch":1,"minecraft:clay":15,"minecraft:poppy":1,"minecraft:melon":5,"minecraft:chest":4,"minecraft:spruce_wall_sign":1,"minecraft:cobblestone":8,"minecraft:oak_planks":7,"minecraft:iron_door":1,"minecraft:wall_torch":2,"minecraft:skeleton_skull":1,"minecraft:acacia_sapling":1,"valhelsia_structures:bone_pile":6,"paraglider:horned_statue":1,"minecraft:wheat":74,"minecraft:tnt":2,"minecraft:grass":27,"biomesoplenty:clover":2,"minecraft:oak_log":12,"minecraft:acacia_fence":22,"minecraft:dirt":9,"minecraft:deepslate":17,"minecraft:piston":1,"minecraft:oak_leaves":4,"minecraft:tuff":1,"iceandfire:silver_ore":13,"minecraft:mossy_cobblestone":1,"minecraft:deepslate_diamond_ore":6,"biomesoplenty:desert_grass":2,"minecraft:redstone_wire":5,"minecraft:spruce_leaves":1,"minecraft:hay_block":27,"minecraft:furnace":2,"minecraft:acacia_trapdoor":8,"valhelsia_structures:cracked_big_glazed_jar":1,"minecraft:acacia_stairs":14,"minecraft:andesite":11,"minecraft:bookshelf":7,"minecraft:deepslate_iron_ore":29,"minecraft:cobblestone_slab":1,"minecraft:vine":1,"minecraft:lantern":1,"minecraft:stone":27,"farmersdelight:cooking_pot":4,"iceandfire:pixie_jar_empty":2,"minecraft:redstone_block":1,"minecraft:comparator":1,"minecraft:brown_carpet":2,"minecraft:dandelion":1,"minecraft:crafting_table":1,"minecraft:campfire":1,"minecraft:tall_grass":6,"minecraft:deepslate_gold_ore":3,"biomesoplenty:huge_clover_petal":4,"minecraft:lapis_ore":2,"supplementaries:urn":7,"minecraft:spruce_stairs":1,"minecraft:acacia_fence_gate":3,"minecraft:spruce_log":8,"minecraft:coal_ore":27,"minecraft:flower_pot":1,"minecraft:cobweb":9,"minecraft:acacia_planks":2,"minecraft:orange_wall_banner":1,"minecraft:gold_ore":4,"minecraft:fern":1},"minecraft:dropped":{"minecraft:iron_sword":1,"minecraft:oak_pressure_plate":2,"minecraft:cooked_porkchop":2,"minecraft:leather":1,"minecraft:dirt":9,"minecraft:bone_meal":1,"tombstone:scroll_of_frost_resistance":1,"minecraft:bone":2,"minecraft:armor_stand":7,"minecraft:wheat":1,"tombstone:gift":3,"tombstone:tablet_of_recall":1,"minecraft:rotten_flesh":29,"minecraft:oak_planks":1,"alexsmobs:emu_egg":2,"minecraft:acacia_stairs":14,"minecraft:poppy":1,"minecraft:leather_chestplate":1,"supplementaries:ash":1,"minecraft:skeleton_skull":1,"biomesoplenty:wildflower":1,"iceandfire:bestiary":1,"tombstone:scroll_of_knowledge":1,"minecraft:leather_leggings":1,"chococraft:chocobo_saddle":1,"iceandfire:manuscript":1,"minecraft:egg":2,"minecraft:enchanted_book":1,"minecraft:golden_boots":1,"minecraft:iron_ingot":2,"minecraft:bread":41,"minecraft:wheat_seeds":205,"minecraft:feather":4,"minecraft:iron_helmet":3,"minecraft:cobblestone":5,"minecraft:lead":3,"minecraft:book":4,"iceandfire:dragon_stick":2,"minecraft:stick":5,"minecraft:torch":1,"farmersdelight:cooking_pot":1,"minecraft:melon_slice":3,"tombstone:grave_dust":7,"minecraft:iron_leggings":5,"minecraft:iron_axe":2,"minecraft:iron_shovel":1,"minecraft:paper":3,"minecraft:string":13,"minecraft:bucket":1,"minecraft:dandelion":1,"minecraft:polished_diorite":1,"chococraft:chocobo_feather":4,"minecraft:tuff":1,"farmersdelight:tomato_sauce":1,"minecraft:clay_ball":34,"minecraft:iron_boots":3,"sophisticatedbackpacks:backpack":4,"minecraft:name_tag":1,"minecraft:allium":3,"minecraft:bundle":1,"minecraft:iron_chestplate":4,"minecraft:andesite":1,"minecraft:oak_sapling":1,"minecraft:brown_carpet":2,"minecraft:bow":2,"minecraft:stone_pickaxe":1,"farmersdelight:tomato":1,"tombstone:tablet_of_cupidity":1,"minecraft:brick":2},"minecraft:crafted":{"minecraft:brick":18,"minecraft:smooth_stone":3,"minecraft:oak_planks":32,"minecraft:stone":3,"minecraft:iron_boots":1,"minecraft:chest":7,"minecraft:bricks":4,"farmersdelight:stove":1,"minecraft:wooden_shovel":1,"sophisticatedbackpacks:backpack":2,"minecraft:crafting_table":4,"minecraft:spruce_planks":16,"minecraft:campfire":2,"minecraft:iron_chestplate":1,"minecraft:stick":40,"minecraft:iron_ingot":28,"minecraft:iron_pickaxe":1,"iceandfire:dragon_stick":1,"minecraft:iron_axe":1,"minecraft:wheat":126,"farmersdelight:cooking_pot":1,"minecraft:bucket":1,"minecraft:bread":68,"minecraft:air":0,"minecraft:iron_leggings":1,"chococraft:chocobo_saddle":1,"minecraft:acacia_planks":84,"minecraft:torch":92},"minecraft:custom":{"minecraft:interact_with_crafting_table":35,"minecraft:bell_ring":1,"minecraft:eat_cake_slice":4,"minecraft:leave_game":20,"minecraft:time_since_death":26035,"minecraft:sprint_one_cm":485337,"minecraft:drop":151,"minecraft:talked_to_villager":6,"minecraft:play_time":423557,"minecraft:deaths":10,"minecraft:jump":4082,"minecraft:walk_on_water_one_cm":34011,"minecraft:interact_with_furnace":35,"minecraft:sleep_in_bed":16,"minecraft:waystone_activated":1,"minecraft:damage_dealt":20456,"minecraft:crouch_one_cm":11761,"tombstone:undead_killed":61,"tombstone:villager_killed":6,"minecraft:interact_with_smoker":2,"minecraft:inspect_dispenser":4,"minecraft:horse_one_cm":973,"minecraft:mob_kills":104,"minecraft:climb_one_cm":1192,"minecraft:walk_one_cm":1079482,"minecraft:sneak_time":6054,"minecraft:walk_under_water_one_cm":21338,"minecraft:total_world_time":423557,"minecraft:time_since_rest":25883,"minecraft:damage_taken":5599,"minecraft:trigger_trapped_chest":3,"minecraft:swim_one_cm":60131,"minecraft:fly_one_cm":825400,"minecraft:open_chest":113,"minecraft:fall_one_cm":116304},"minecraft:broken":{"minecraft:iron_sword":1,"minecraft:chainmail_helmet":1,"minecraft:iron_pickaxe":1},"minecraft:picked_up":{"chococraft:loverly_gysahl_green":1,"minecraft:iron_chestplate":7,"minecraft:wheat":95,"minecraft:redstone_block":1,"minecraft:flower_pot":1,"minecraft:lead":6,"minecraft:enchanted_book":2,"alexsmobs:gazelle_horn":1,"minecraft:string":31,"minecraft:iron_leggings":8,"minecraft:armor_stand":7,"minecraft:experience_bottle":1,"minecraft:gold_nugget":357,"minecraft:cobbled_deepslate":17,"minecraft:comparator":1,"minecraft:acacia_fence_gate":3,"farmersdelight:pasta_with_meatballs":1,"minecraft:melon_slice":23,"farmersdelight:cabbage_seeds":7,"minecraft:furnace":2,"minecraft:iron_boots":7,"minecraft:tipped_arrow":3,"minecraft:stick":4,"minecraft:acacia_fence":20,"minecraft:torch":5,"minecraft:acacia_log":84,"minecraft:spruce_stairs":1,"minecraft:porkchop":2,"tombstone:grave_dust":17,"tombstone:tablet_of_cupidity":1,"minecraft:brown_carpet":5,"minecraft:orange_bed":1,"minecraft:rotten_flesh":37,"minecraft:iron_block":1,"alexsmobs:emu_egg":6,"chococraft:chocobo_drumstick_raw":1,"supplementaries:ash":41,"minecraft:cobblestone":38,"minecraft:leather_chestplate":2,"minecraft:feather":4,"minecraft:iron_door":1,"minecraft:water_bucket":1,"minecraft:andesite":11,"minecraft:orange_carpet":2,"paraglider:spirit_orb":2,"minecraft:flint":1,"minecraft:tuff":1,"minecraft:lapis_lazuli":40,"farmersdelight:tomato":11,"minecraft:dirt":61,"minecraft:lantern":3,"minecraft:name_tag":1,"minecraft:bone":91,"minecraft:acacia_planks":2,"minecraft:bow":3,"minecraft:wheat_seeds":295,"minecraft:raw_gold":7,"minecraft:oak_planks":10,"minecraft:cooked_porkchop":4,"minecraft:oak_pressure_plate":5,"minecraft:acacia_stairs":28,"minecraft:bundle":3,"minecraft:iron_hoe":1,"qualitycrops:wheat_iron":3,"minecraft:diamond":6,"tombstone:tablet_of_recall":1,"minecraft:crossbow":1,"minecraft:granite":1,"minecraft:bone_meal":1,"minecraft:bread":6,"minecraft:spruce_sign":2,"minecraft:emerald":2,"minecraft:chainmail_helmet":1,"alexsmobs:maggot":2,"iceandfire:raw_silver":13,"minecraft:oak_sapling":1,"minecraft:charcoal":2,"iceandfire:dragon_skull_lightning":1,"minecraft:crafting_table":1,"minecraft:allium":2,"minecraft:clay_ball":56,"minecraft:leather_leggings":1,"farmersdelight:tomato_sauce":1,"minecraft:orange_banner":3,"minecraft:brick":2,"qualitycrops:wheat_diamond":2,"minecraft:iron_axe":2,"minecraft:white_carpet":2,"minecraft:item_frame":9,"minecraft:iron_shovel":2,"iceandfire:bestiary":1,"minecraft:beef":13,"minecraft:poppy":1,"biomesoplenty:wildflower":1,"minecraft:sugar_cane":1,"minecraft:chest":4,"minecraft:piston":1,"minecraft:spruce_trapdoor":3,"minecraft:egg":2,"minecraft:raw_iron":106,"iceandfire:dragonbone":21,"sophisticatedbackpacks:backpack":3,"minecraft:carrot":1,"minecraft:redstone":5,"minecraft:stone_pressure_plate":3,"minecraft:tnt":2,"alexsmobs:kangaroo_burger":2,"minecraft:arrow":29,"minecraft:pumpkin_pie":2,"minecraft:hay_block":27,"minecraft:gold_ingot":3,"paraglider:horned_statue":1,"minecraft:skeleton_skull":2,"iceandfire:sea_serpent_fang":9,"minecraft:glow_ink_sac":8,"minecraft:leather":15,"chococraft:chocobo_saddle":2,"minecraft:oak_log":11,"minecraft:golden_boots":1,"minecraft:gunpowder":1,"minecraft:cobblestone_stairs":17,"minecraft:white_banner":2,"minecraft:cooked_mutton":3,"chococraft:chocobo_feather":16,"chococraft:gysahl_green":15,"minecraft:apple":1,"iceandfire:pixie_jar_empty":2,"farmersdelight:cooking_pot":3,"minecraft:acacia_trapdoor":8,"iceandfire:dragon_stick":2,"minecraft:iron_ingot":9,"minecraft:stone_pickaxe":2,"minecraft:cobweb":4,"tombstone:bag_of_seeds":1,"minecraft:acacia_sapling":13,"minecraft:iron_sword":3,"minecraft:book":24,"iceandfire:sea_serpent_scales_green":6,"minecraft:dandelion":1,"chococraft:gysahl_green_seeds":6,"minecraft:white_bed":3,"minecraft:spruce_log":8,"minecraft:spider_eye":3,"tombstone:scroll_of_true_sight":2,"minecraft:pumpkin_seeds":2,"minecraft:slime_ball":2,"minecraft:polished_diorite":7,"minecraft:iron_helmet":4,"tombstone:magic_scroll":4,"minecraft:coal":27},"minecraft:killed":{"minecraft:spider":11,"minecraft:skeleton":22,"minecraft:creeper":3,"minecraft:trader_llama":6,"minecraft:zombie":36,"alexsmobs:fly":1,"iceandfire:sea_serpent":1,"chococraft:chocobo":1,"minecraft:cow":5,"minecraft:slime":4,"minecraft:horse":2,"minecraft:wandering_trader":3,"iceandfire:ghost":3,"minecraft:villager":3},"minecraft:killed_by":{"minecraft:zombie":1,"iceandfire:fire_dragon":3,"iceandfire:ghost":1,"iceandfire:cockatrice":1},"minecraft:used":{"alexsmobs:emu_egg":2,"minecraft:iron_shovel":79,"farmersdelight:cabbage_seeds":1,"farmersdelight:stove":1,"minecraft:chest":8,"minecraft:iron_sword":479,"minecraft:acacia_sapling":7,"farmersdelight:tomato":1,"tombstone:tablet_of_cupidity":3,"minecraft:lantern":2,"minecraft:item_frame":3,"minecraft:brown_carpet":2,"iceandfire:pixie_jar_empty":1,"minecraft:stone_pickaxe":2,"minecraft:firework_rocket":7,"minecraft:melon_slice":10,"minecraft:bread":56,"minecraft:andesite":9,"minecraft:experience_bottle":1,"minecraft:cobweb":6,"minecraft:spruce_planks":4,"minecraft:orange_bed":1,"minecraft:torch":72,"minecraft:dirt":52,"minecraft:granite":1,"minecraft:iron_axe":221,"minecraft:iron_boots":3,"alexsmobs:kangaroo_burger":2,"farmersdelight:cooking_pot":3,"tombstone:gift":2,"minecraft:cobbled_deepslate":15,"minecraft:acacia_planks":29,"minecraft:wheat_seeds":70,"minecraft:cooked_mutton":3,"minecraft:cobblestone_stairs":1,"minecraft:crafting_table":4,"minecraft:white_bed":1,"minecraft:campfire":1,"tombstone:bag_of_seeds":1,"minecraft:acacia_stairs":2,"minecraft:iron_pickaxe":319,"tombstone:magic_scroll":1,"minecraft:cobblestone":29,"minecraft:cooked_porkchop":2,"minecraft:pumpkin_pie":2,"alexsmobs:animal_dictionary":1}},"DataVersion":3465}