{"stats":{"minecraft:killed_by":{"born_in_chaos_v1:baby_skeleton_minion":2,"minecraft:stray":1,"minecraft:spider":1,"minecraft:pillager":1,"born_in_chaos_v1:bone_imp_minion":2,"minecraft:cave_spider":1,"born_in_chaos_v1:supreme_bonescaller_not_despawn":1,"born_in_chaos_v1:supreme_bonescaller_stage_2":1,"iceandfire:fire_dragon":2,"minecraft:vex":1},"minecraft:mined":{"quark:dark_oak_bookshelf":1,"minecraft:yellow_terracotta":1,"quark:iron_plate":1,"minecraft:stone_pressure_plate":1,"minecraft:cobblestone_stairs":17,"betterarcheology:vase_green":1,"minecraft:potted_crimson_fungus":1,"minecraft:spruce_trapdoor":18,"minecraft:acacia_log":67,"minecraft:grass_block":8,"minecraft:polished_diorite":6,"minecraft:sandstone":1,"minecraft:spawner":11,"minecraft:tall_seagrass":1,"minecraft:furnace":2,"minecraft:iron_ore":23,"minecraft:sticky_piston":2,"minecraft:fire":1,"minecraft:andesite":1,"minecraft:acacia_stairs":13,"quark:iron_rod":1,"minecraft:bookshelf":8,"minecraft:red_tulip":1,"minecraft:deepslate_iron_ore":7,"minecraft:lantern":1,"minecraft:stone":3,"minecraft:iron_block":3,"regions_unexplored:chalk_grass_block":1,"minecraft:orange_bed":2,"minecraft:piston_head":2,"minecraft:podzol":4,"minecraft:scaffolding":5,"supplementaries:statue":1,"lootr:lootr_chest":2,"minecraft:brown_carpet":1,"minecraft:spruce_door":3,"minecraft:crafting_table":4,"minecraft:cornflower":2,"minecraft:emerald_ore":2,"minecraft:poppy":1,"minecraft:melon":5,"born_in_chaos_v1:black_argillite_brick_n":2,"minecraft:campfire":4,"minecraft:spruce_wall_sign":1,"minecraft:tall_grass":1,"minecraft:wall_torch":1,"minecraft:air":12,"minecraft:spruce_stairs":10,"minecraft:chain":4,"minecraft:birch_log":6,"minecraft:wheat":9,"minecraft:potted_poppy":1,"quark:rusty_iron_plate":3,"minecraft:grass":7,"minecraft:oak_log":6,"minecraft:coal_ore":21,"minecraft:acacia_fence":5,"minecraft:dirt":3,"minecraft:cobweb":3,"minecraft:smooth_basalt":1,"minecraft:cracked_stone_bricks":1,"minecraft:acacia_planks":8,"minecraft:stone_bricks":1,"minecraft:potted_red_tulip":1,"minecraft:netherrack":7,"minecraft:mossy_stone_bricks":1,"minecraft:deepslate":5,"minecraft:fern":1},"minecraft:dropped":{"minecraft:spruce_sign":4,"minecraft:bread":7,"iceandfire:deathworm_egg":1,"minecraft:crafting_table":1,"minecraft:cookie":3,"minecraft:knowledge_book":41,"minecraft:iron_helmet":1,"minecraft:spruce_door":3,"minecraft:acacia_log":32,"minecraft:leather_helmet":1,"minecraft:dirt":2,"minecraft:map":1,"tombstone:grave_dust":5,"minecraft:iron_leggings":1,"minecraft:wooden_sword":1,"minecraft:iron_pickaxe":1,"minecraft:string":1,"minecraft:smooth_basalt":1,"minecraft:polished_diorite":6,"minecraft:kelp":7,"minecraft:spyglass":1,"tombstone:gift":4,"minecraft:chicken":4,"minecraft:leather_chestplate":1,"minecraft:potato":4,"minecraft:flower_pot":2,"iceandfire:rotten_egg":26,"minecraft:spruce_trapdoor":1,"minecraft:iron_chestplate":1,"minecraft:charcoal":4,"minecraft:oak_sapling":1,"minecraft:melon_seeds":3,"born_in_chaos_v1:corpse_maggot":1,"minecraft:leather_boots":1,"minecraft:leather_leggings":1,"minecraft:stone_pressure_plate":4,"minecraft:birch_sign":1,"minecraft:brown_carpet":5,"quark:rusty_iron_plate":3},"minecraft:used":{"minecraft:acacia_log":105,"minecraft:armor_stand":1,"minecraft:chest":2,"minecraft:iron_sword":320,"minecraft:orange_bed":2,"minecraft:netherrack":3,"minecraft:torch":12,"minecraft:dirt":11,"minecraft:spyglass":7,"minecraft:iron_hoe":27,"minecraft:lantern":1,"minecraft:iron_axe":289,"minecraft:scaffolding":1,"minecraft:furnace":2,"minecraft:acacia_fence":5,"minecraft:egg":1,"minecraft:potato":4,"minecraft:acacia_planks":17,"minecraft:knowledge_book":2,"minecraft:wheat_seeds":58,"minecraft:cobblestone_stairs":1,"minecraft:stone_pickaxe":37,"minecraft:oak_planks":9,"quark:abacus":8,"minecraft:ender_pearl":1,"regions_unexplored:chalk":1,"minecraft:cookie":2,"minecraft:yellow_terracotta":1,"minecraft:crafting_table":4,"quark:acacia_chest":2,"minecraft:acacia_leaves":5,"minecraft:acacia_stairs":1,"minecraft:apple":14,"minecraft:bread":46,"minecraft:iron_pickaxe":101,"minecraft:stone_button":12,"minecraft:acacia_fence_gate":2,"minecraft:cobblestone":2,"minecraft:cooked_porkchop":2,"minecraft:andesite":1,"qualitycrops:cooked_chicken_diamond":1,"minecraft:oak_boat":1,"minecraft:experience_bottle":1},"minecraft:picked_up":{"minecraft:wheat":32,"minecraft:charcoal":8,"qualitycrops:wheat_gold":3,"minecraft:crafting_table":4,"vinery:red_grape":10,"minecraft:chicken":8,"minecraft:flower_pot":2,"born_in_chaos_v1:seedof_chaos":6,"minecraft:leather_leggings":1,"minecraft:lead":1,"minecraft:potion":2,"minecraft:knowledge_book":39,"betterarcheology:vase_green":1,"minecraft:iron_axe":1,"minecraft:cornflower":2,"qualitycrops:wheat_diamond":2,"minecraft:string":19,"minecraft:sticky_piston":4,"quark:iron_plate":1,"minecraft:wooden_sword":1,"supplementaries:statue":1,"minecraft:item_frame":3,"minecraft:armor_stand":1,"minecraft:iron_shovel":1,"minecraft:experience_bottle":1,"minecraft:cracked_stone_bricks":1,"minecraft:gold_nugget":214,"minecraft:cobbled_deepslate":4,"minecraft:iron_pickaxe":2,"minecraft:poppy":2,"minecraft:melon_slice":21,"minecraft:sugar_cane":3,"minecraft:chest":2,"qualitycrops:cooked_chicken_diamond":1,"minecraft:spruce_trapdoor":19,"minecraft:egg":1,"minecraft:furnace":2,"minecraft:stick":5,"minecraft:raw_iron":30,"born_in_chaos_v1:shattered_skull":1,"minecraft:acacia_fence":5,"qualitycrops:sugar_cane_gold":1,"quark:iron_rod":1,"minecraft:torch":36,"minecraft:acacia_log":174,"minecraft:spruce_stairs":9,"sophisticatedbackpacks:backpack":1,"iceandfire:rotten_egg":11,"minecraft:stone_button":18,"tombstone:grave_dust":11,"qualitycrops:mutton_diamond":1,"born_in_chaos_v1:pieceofdarkmetal":7,"minecraft:stone_pressure_plate":4,"minecraft:brown_carpet":5,"minecraft:orange_bed":2,"minecraft:arrow":14,"minecraft:rotten_flesh":15,"minecraft:red_tulip":2,"minecraft:iron_block":3,"minecraft:yellow_terracotta":1,"minecraft:gold_ingot":1,"minecraft:cobblestone":4,"minecraft:birch_log":6,"born_in_chaos_v1:corpse_maggot":1,"minecraft:leather_chestplate":1,"born_in_chaos_v1:spiritual_dust":4,"minecraft:andesite":1,"minecraft:leather":1,"minecraft:potato":8,"quark:rusty_iron_plate":3,"qualitycrops:melon_slice_diamond":4,"paraglider:spirit_orb":16,"minecraft:oak_log":9,"minecraft:gunpowder":2,"minecraft:cobblestone_stairs":16,"minecraft:lantern":1,"minecraft:dirt":13,"tombstone:gift":1,"tombstone:familiar_receptacle":1,"minecraft:leather_boots":1,"farmersdelight:honey_glazed_ham_block":1,"minecraft:bone":27,"minecraft:acacia_planks":19,"minecraft:kelp":7,"minecraft:stone_bricks":1,"minecraft:wheat_seeds":96,"minecraft:stone_pickaxe":1,"minecraft:iron_ingot":12,"quark:soul_bead":3,"minecraft:mossy_stone_bricks":1,"minecraft:acacia_sapling":3,"minecraft:book":27,"minecraft:scaffolding":5,"minecraft:smooth_basalt":1,"iceandfire:ash":2,"born_in_chaos_v1:orbofthe_summoner":2,"born_in_chaos_v1:ethereal_spirit":6,"minecraft:sand":3,"regions_unexplored:chalk":1,"minecraft:acacia_stairs":13,"minecraft:spider_eye":4,"minecraft:spruce_door":3,"minecraft:leather_helmet":1,"minecraft:iron_hoe":1,"vinery:jungle_grapes_red":1,"qualitycrops:wheat_iron":5,"minecraft:polished_diorite":6,"minecraft:birch_sign":1,"alexsmobs:rattlesnake_rattle":2,"minecraft:iron_helmet":1,"minecraft:spruce_sign":7,"minecraft:emerald":2,"minecraft:oak_sapling":1,"minecraft:netherrack":7,"minecraft:melon_seeds":3,"minecraft:coal":37,"iceandfire:deathworm_egg":1},"minecraft:custom":{"lootr:looted_stat":62,"minecraft:mob_kills":85,"minecraft:interact_with_crafting_table":15,"minecraft:open_barrel":23,"minecraft:bell_ring":2,"minecraft:damage_dealt_resisted":4529,"minecraft:eat_cake_slice":1,"minecraft:leave_game":6,"minecraft:time_since_death":42718,"minecraft:climb_one_cm":18603,"minecraft:sprint_one_cm":364962,"minecraft:walk_one_cm":686882,"minecraft:drop":103,"minecraft:talked_to_villager":1,"minecraft:play_time":295381,"minecraft:deaths":13,"minecraft:sneak_time":4701,"minecraft:walk_under_water_one_cm":23720,"minecraft:boat_one_cm":24842,"minecraft:interact_with_lectern":2,"minecraft:jump":2417,"minecraft:walk_on_water_one_cm":23134,"minecraft:total_world_time":295381,"minecraft:interact_with_furnace":14,"tombstone:raider_killed":3,"minecraft:interact_with_cartography_table":1,"minecraft:sleep_in_bed":5,"minecraft:time_since_rest":42028,"minecraft:damage_taken":6053,"tombstone:sneak_grave":2,"minecraft:damage_dealt":16057,"minecraft:fly_one_cm":681724,"minecraft:swim_one_cm":44594,"minecraft:open_chest":42,"minecraft:crouch_one_cm":8828,"tombstone:undead_killed":55,"tombstone:villager_killed":1,"minecraft:fall_one_cm":66064},"minecraft:crafted":{"minecraft:oak_planks":24,"quark:acacia_chest":2,"minecraft:iron_axe":2,"minecraft:crafting_table":2,"minecraft:iron_helmet":1,"minecraft:iron_sword":1,"minecraft:acacia_button":1,"minecraft:birch_planks":24,"minecraft:bread":19,"minecraft:air":0,"minecraft:oak_boat":1,"minecraft:iron_chestplate":2,"minecraft:stick":12,"minecraft:iron_ingot":22,"minecraft:iron_pickaxe":1,"minecraft:iron_leggings":2,"minecraft:acacia_planks":24,"minecraft:torch":16},"minecraft:broken":{"minecraft:iron_axe":1,"minecraft:iron_sword":1,"minecraft:iron_helmet":1},"minecraft:killed":{"minecraft:cave_spider":5,"born_in_chaos_v1:restless_spirit":3,"born_in_chaos_v1:skeleton_demoman":1,"minecraft:spider":4,"born_in_chaos_v1:skeleton_thrasher_not_despawn":2,"alexsmobs:rattlesnake":3,"minecraft:zoglin":1,"born_in_chaos_v1:baby_skeleton_minion":12,"born_in_chaos_v1:maggot":5,"minecraft:skeleton":1,"born_in_chaos_v1:supreme_bonescaller_stage_2":2,"born_in_chaos_v1:spirit_guide":1,"alexsmobs:guster":1,"born_in_chaos_v1:bone_imp_minion":6,"born_in_chaos_v1:spirit_guide_assistant":3,"born_in_chaos_v1:decrepit_skeleton":3,"iceandfire:cockatrice":2,"minecraft:pillager":3,"minecraft:zombie":10,"born_in_chaos_v1:bonescaller_not_despawn":3,"minecraft:stray":5,"born_in_chaos_v1:door_knight":1,"minecraft:villager":1,"quark:wraith":3,"born_in_chaos_v1:siamese_skeletonsleft":1}},"DataVersion":3465}