{"stats":{"minecraft:used":{"minecraft:knowledge_book":2,"minecraft:armor_stand":1},"minecraft:picked_up":{"minecraft:leather_chestplate":1,"minecraft:leather_boots":1,"minecraft:armor_stand":1,"minecraft:leather_leggings":1,"qualitycrops:mutton_diamond":1,"minecraft:leather_helmet":1},"minecraft:custom":{"minecraft:open_barrel":1,"minecraft:time_since_rest":38488,"minecraft:play_time":38488,"minecraft:crouch_one_cm":557,"lootr:looted_stat":4,"minecraft:sprint_one_cm":22586,"minecraft:damage_taken":197,"minecraft:walk_one_cm":47234,"minecraft:sneak_time":850,"minecraft:walk_under_water_one_cm":355,"minecraft:jump":129,"minecraft:damage_dealt":0,"minecraft:leave_game":2,"minecraft:walk_on_water_one_cm":875,"minecraft:time_since_death":38488,"minecraft:total_world_time":38488,"minecraft:swim_one_cm":2608,"minecraft:fall_one_cm":209,"minecraft:fly_one_cm":197165}},"DataVersion":3465}