{"stats":{"minecraft:crafted":{"minecraft:oak_planks":16,"minecraft:iron_axe":1,"minecraft:chest":2,"minecraft:wheat":126,"minecraft:crafting_table":1,"minecraft:spruce_planks":16,"minecraft:bread":42,"minecraft:air":0,"minecraft:stick":12,"minecraft:iron_ingot":19,"minecraft:torch":32},"minecraft:custom":{"minecraft:mob_kills":26,"minecraft:interact_with_crafting_table":4,"minecraft:bell_ring":1,"minecraft:eat_cake_slice":2,"minecraft:leave_game":2,"minecraft:time_since_death":4683,"minecraft:climb_one_cm":568,"minecraft:sprint_one_cm":122049,"minecraft:walk_one_cm":368698,"minecraft:drop":39,"minecraft:talked_to_villager":1,"minecraft:play_time":91845,"minecraft:deaths":4,"minecraft:sneak_time":1607,"minecraft:walk_under_water_one_cm":3252,"minecraft:jump":1315,"minecraft:walk_on_water_one_cm":4035,"minecraft:total_world_time":91845,"minecraft:interact_with_furnace":8,"minecraft:sleep_in_bed":5,"minecraft:time_since_rest":4570,"minecraft:damage_taken":2144,"minecraft:trigger_trapped_chest":3,"minecraft:damage_dealt":5812,"minecraft:swim_one_cm":3725,"minecraft:fly_one_cm":251224,"minecraft:open_chest":31,"minecraft:crouch_one_cm":3847,"tombstone:undead_killed":23,"minecraft:interact_with_smoker":2,"minecraft:fall_one_cm":38875,"minecraft:horse_one_cm":973},"minecraft:killed":{"minecraft:spider":3,"minecraft:skeleton":8,"minecraft:zombie":12,"iceandfire:ghost":3},"minecraft:dropped":{"minecraft:golden_boots":1,"minecraft:bread":32,"minecraft:iron_sword":1,"minecraft:wheat_seeds":8,"minecraft:oak_pressure_plate":2,"minecraft:cooked_porkchop":2,"minecraft:iron_helmet":1,"minecraft:cobblestone":4,"minecraft:string":6,"minecraft:armor_stand":3,"tombstone:gift":1,"tombstone:tablet_of_recall":1,"minecraft:rotten_flesh":12,"alexsmobs:emu_egg":1,"minecraft:leather_chestplate":1,"minecraft:bundle":1,"minecraft:andesite":1,"iceandfire:bestiary":1,"minecraft:leather_leggings":1,"minecraft:brown_carpet":2,"minecraft:stone_pickaxe":1,"farmersdelight:tomato":1,"minecraft:egg":2},"minecraft:mined":{"iceandfire:silver_ore":7,"minecraft:white_bed":2,"iceandfire:graveyard_soil":2,"minecraft:mossy_cobblestone":1,"biomesoplenty:desert_grass":2,"minecraft:acacia_log":5,"minecraft:oak_pressure_plate":2,"minecraft:spruce_leaves":1,"minecraft:hay_block":14,"minecraft:iron_ore":26,"minecraft:fire":3,"valhelsia_structures:cracked_big_glazed_jar":1,"minecraft:acacia_stairs":2,"minecraft:andesite":11,"minecraft:cobblestone_slab":1,"minecraft:vine":1,"minecraft:stone":14,"minecraft:orange_bed":1,"iceandfire:pixie_jar_empty":1,"minecraft:brown_carpet":1,"minecraft:chest":2,"minecraft:tall_grass":5,"minecraft:cobblestone":4,"minecraft:lapis_ore":2,"supplementaries:urn":5,"minecraft:skeleton_skull":1,"valhelsia_structures:bone_pile":6,"minecraft:spruce_log":4,"minecraft:grass":19,"minecraft:oak_log":4,"minecraft:oak_leaves":2,"minecraft:fern":1},"minecraft:used":{"alexsmobs:emu_egg":1,"minecraft:iron_shovel":4,"farmersdelight:cabbage_seeds":1,"minecraft:spruce_planks":4,"minecraft:chest":4,"minecraft:iron_sword":148,"minecraft:orange_bed":1,"minecraft:torch":33,"minecraft:dirt":10,"minecraft:granite":1,"farmersdelight:tomato":1,"minecraft:iron_axe":30,"minecraft:item_frame":2,"minecraft:brown_carpet":1,"iceandfire:pixie_jar_empty":1,"minecraft:cooked_mutton":3,"minecraft:crafting_table":1,"minecraft:white_bed":1,"minecraft:acacia_stairs":2,"minecraft:bread":16,"minecraft:melon_slice":1,"minecraft:iron_pickaxe":81,"minecraft:cobblestone":15,"minecraft:cooked_porkchop":2,"minecraft:andesite":9,"alexsmobs:animal_dictionary":1,"minecraft:experience_bottle":1},"minecraft:picked_up":{"iceandfire:dragon_skull_lightning":1,"minecraft:leather_leggings":1,"alexsmobs:gazelle_horn":1,"minecraft:string":13,"minecraft:armor_stand":3,"minecraft:iron_leggings":1,"minecraft:item_frame":2,"minecraft:iron_shovel":1,"minecraft:experience_bottle":1,"minecraft:gold_nugget":9,"minecraft:melon_slice":1,"minecraft:chest":2,"farmersdelight:cabbage_seeds":1,"minecraft:egg":2,"minecraft:tipped_arrow":3,"minecraft:raw_iron":26,"iceandfire:dragonbone":10,"minecraft:torch":1,"minecraft:acacia_log":5,"minecraft:porkchop":2,"tombstone:grave_dust":1,"minecraft:carrot":1,"minecraft:brown_carpet":3,"minecraft:orange_bed":1,"minecraft:rotten_flesh":12,"minecraft:arrow":7,"minecraft:hay_block":14,"alexsmobs:emu_egg":4,"minecraft:gold_ingot":3,"supplementaries:ash":16,"minecraft:cobblestone":19,"minecraft:skeleton_skull":1,"minecraft:leather_chestplate":2,"minecraft:glow_ink_sac":3,"minecraft:andesite":11,"minecraft:leather":1,"minecraft:oak_log":4,"minecraft:golden_boots":1,"minecraft:lapis_lazuli":15,"farmersdelight:tomato":3,"minecraft:dirt":10,"minecraft:cooked_mutton":3,"minecraft:bone":20,"iceandfire:pixie_jar_empty":1,"minecraft:bow":1,"minecraft:wheat_seeds":9,"minecraft:stone_pickaxe":1,"minecraft:iron_ingot":4,"minecraft:cobweb":4,"minecraft:iron_sword":2,"minecraft:cooked_porkchop":4,"minecraft:oak_pressure_plate":2,"minecraft:white_bed":2,"minecraft:spruce_log":4,"minecraft:acacia_stairs":2,"minecraft:spider_eye":1,"tombstone:scroll_of_true_sight":1,"minecraft:bundle":2,"minecraft:iron_hoe":1,"tombstone:tablet_of_recall":1,"minecraft:iron_helmet":1,"minecraft:crossbow":1,"minecraft:granite":1,"minecraft:chainmail_helmet":1,"minecraft:bread":4,"tombstone:magic_scroll":3,"iceandfire:raw_silver":7},"minecraft:killed_by":{"iceandfire:cockatrice":1,"iceandfire:ghost":1,"cave_dweller:cave_dweller":1}},"DataVersion":3465}