{"stats":{"minecraft:killed_by":{"minecraft:pillager":1,"born_in_chaos_v1:bone_imp_minion":2,"minecraft:cave_spider":1,"born_in_chaos_v1:supreme_bonescaller_not_despawn":1,"born_in_chaos_v1:supreme_bonescaller_stage_2":1,"iceandfire:fire_dragon":2,"minecraft:vex":1,"born_in_chaos_v1:baby_skeleton_minion":2,"minecraft:stray":1,"minecraft:spider":1},"minecraft:mined":{"quark:dark_oak_bookshelf":1,"quark:iron_plate":1,"minecraft:stone_pressure_plate":1,"quark:yellow_blossom_leaves":2,"minecraft:cobblestone_stairs":17,"minecraft:potted_crimson_fungus":1,"minecraft:spruce_trapdoor":18,"minecraft:granite":53,"minecraft:acacia_log":67,"minecraft:grass_block":8,"minecraft:polished_diorite":6,"minecraft:spawner":11,"minecraft:tall_seagrass":1,"minecraft:iron_ore":27,"minecraft:sticky_piston":2,"minecraft:fire":1,"quark:iron_rod":1,"minecraft:red_tulip":1,"minecraft:iron_block":3,"minecraft:green_bed":1,"minecraft:orange_bed":2,"minecraft:piston_head":2,"lootr:lootr_chest":2,"minecraft:poppy":1,"minecraft:melon":5,"quark:blossom_log":9,"minecraft:spruce_wall_sign":1,"minecraft:wall_torch":1,"minecraft:seagrass":1,"minecraft:chain":4,"minecraft:birch_log":6,"minecraft:wheat":9,"minecraft:potted_poppy":1,"minecraft:grass":11,"minecraft:oak_log":12,"minecraft:acacia_fence":5,"minecraft:dirt":3,"regions_unexplored:clover":3,"minecraft:smooth_basalt":1,"minecraft:potted_red_tulip":1,"minecraft:netherrack":7,"minecraft:deepslate":5,"regions_unexplored:fireweed":1,"minecraft:yellow_terracotta":1,"betterarcheology:vase_green":1,"minecraft:sandstone":1,"minecraft:furnace":2,"minecraft:acacia_stairs":13,"minecraft:andesite":33,"minecraft:bookshelf":8,"minecraft:deepslate_iron_ore":7,"minecraft:lantern":1,"regions_unexplored:medium_grass":1,"minecraft:stone":6,"minecraft:podzol":4,"regions_unexplored:chalk_grass_block":1,"supplementaries:statue":1,"minecraft:scaffolding":5,"minecraft:brown_carpet":1,"minecraft:spruce_door":3,"minecraft:crafting_table":5,"minecraft:cornflower":2,"minecraft:emerald_ore":2,"born_in_chaos_v1:black_argillite_brick_n":2,"minecraft:campfire":4,"minecraft:tall_grass":3,"minecraft:diorite":132,"minecraft:air":12,"minecraft:spruce_stairs":10,"minecraft:spruce_log":34,"quark:rusty_iron_plate":3,"minecraft:coal_ore":29,"minecraft:cobweb":3,"minecraft:cracked_stone_bricks":1,"minecraft:acacia_planks":8,"minecraft:stone_bricks":1,"minecraft:mossy_stone_bricks":1,"minecraft:fern":1},"minecraft:dropped":{"minecraft:spruce_sign":4,"minecraft:crafting_table":1,"minecraft:cookie":3,"minecraft:leather_helmet":1,"minecraft:dirt":2,"iceandfire:dragon_horn":1,"minecraft:wooden_sword":1,"minecraft:iron_pickaxe":1,"minecraft:goat_horn":2,"minecraft:spyglass":1,"tombstone:gift":4,"minecraft:rotten_flesh":1,"minecraft:leather_chestplate":1,"minecraft:charcoal":4,"born_in_chaos_v1:corpse_maggot":1,"minecraft:melon_seeds":3,"minecraft:leather_boots":1,"minecraft:acacia_sapling":2,"minecraft:leather_leggings":1,"minecraft:bread":7,"minecraft:wheat_seeds":5,"iceandfire:deathworm_egg":1,"minecraft:iron_helmet":2,"minecraft:knowledge_book":41,"iceandfire:dragon_stick":3,"minecraft:spruce_door":3,"minecraft:acacia_log":32,"iceandfire:dragon_flute":1,"born_in_chaos_v1:gnawed_bones":1,"minecraft:map":1,"tombstone:grave_dust":5,"minecraft:iron_leggings":1,"minecraft:string":1,"minecraft:tripwire_hook":1,"minecraft:smooth_basalt":1,"minecraft:polished_diorite":6,"minecraft:kelp":7,"minecraft:chicken":4,"regions_unexplored:clover":4,"minecraft:potato":4,"minecraft:flower_pot":2,"iceandfire:rotten_egg":26,"minecraft:spruce_trapdoor":1,"minecraft:iron_chestplate":1,"minecraft:oak_sapling":1,"minecraft:stone_pressure_plate":4,"minecraft:birch_sign":1,"minecraft:brown_carpet":5,"quark:rusty_iron_plate":3},"minecraft:used":{"minecraft:beetroot":5,"minecraft:chest":2,"minecraft:iron_sword":398,"minecraft:carrot":1,"minecraft:acacia_sapling":3,"minecraft:lantern":1,"minecraft:scaffolding":1,"minecraft:furnace":2,"minecraft:acacia_fence":5,"minecraft:egg":1,"minecraft:potato":4,"minecraft:stone_pickaxe":37,"qualitycrops:melon_slice_diamond":2,"minecraft:oak_planks":9,"minecraft:ender_pearl":1,"minecraft:cookie":2,"regions_unexplored:chalk":1,"minecraft:yellow_terracotta":1,"minecraft:acacia_leaves":5,"regions_unexplored:fireweed":1,"minecraft:bread":58,"minecraft:stone_button":12,"qualitycrops:cooked_chicken_diamond":1,"minecraft:andesite":1,"minecraft:oak_boat":3,"minecraft:experience_bottle":1,"minecraft:acacia_log":105,"minecraft:armor_stand":1,"vinery:jungle_grapes_red":1,"minecraft:netherrack":3,"minecraft:orange_bed":2,"minecraft:torch":16,"minecraft:dirt":11,"minecraft:spyglass":7,"minecraft:iron_hoe":27,"minecraft:iron_axe":348,"minecraft:totem_of_undying":1,"minecraft:goat_horn":4,"ironchest:gold_chest":1,"minecraft:cooked_beef":2,"minecraft:acacia_planks":17,"minecraft:knowledge_book":2,"minecraft:wheat_seeds":58,"minecraft:cobblestone_stairs":1,"minecraft:baked_potato":3,"quark:abacus":8,"qualitycrops:cooked_porkchop_gold":1,"minecraft:crafting_table":6,"quark:acacia_chest":2,"minecraft:acacia_stairs":1,"minecraft:apple":22,"minecraft:iron_pickaxe":333,"iceandfire:dragon_horn":14,"minecraft:acacia_fence_gate":2,"minecraft:cobblestone":2,"minecraft:cooked_porkchop":2},"minecraft:picked_up":{"iceandfire:deathworm_egg":1,"minecraft:iron_chestplate":1,"qualitycrops:wheat_gold":3,"vinery:red_grape":10,"minecraft:wheat":32,"minecraft:flower_pot":2,"minecraft:lead":1,"minecraft:potion":2,"minecraft:knowledge_book":39,"minecraft:string":19,"quark:iron_plate":1,"minecraft:armor_stand":1,"minecraft:sticky_piston":4,"minecraft:experience_bottle":1,"minecraft:beetroot":8,"minecraft:gold_nugget":214,"minecraft:cobbled_deepslate":4,"minecraft:iron_pickaxe":2,"minecraft:melon_slice":21,"minecraft:furnace":2,"minecraft:stick":7,"born_in_chaos_v1:shattered_skull":1,"minecraft:acacia_fence":5,"minecraft:green_bed":1,"minecraft:torch":36,"minecraft:acacia_log":174,"quark:iron_rod":1,"minecraft:spruce_stairs":9,"quark:blossom_log":9,"iceandfire:rotten_egg":11,"tombstone:grave_dust":11,"minecraft:diorite":132,"minecraft:goat_horn":1,"minecraft:brown_carpet":5,"minecraft:orange_bed":2,"minecraft:rotten_flesh":18,"minecraft:iron_block":3,"minecraft:red_tulip":2,"minecraft:cobblestone":7,"minecraft:birch_log":6,"minecraft:leather_chestplate":1,"minecraft:jungle_log":1,"born_in_chaos_v1:spiritual_dust":4,"minecraft:andesite":33,"minecraft:potato":8,"paraglider:spirit_orb":16,"minecraft:dirt":13,"tombstone:familiar_receptacle":1,"minecraft:lantern":1,"born_in_chaos_v1:monster_skin":1,"minecraft:leather_boots":1,"minecraft:bone":31,"minecraft:acacia_planks":19,"minecraft:wheat_seeds":101,"quark:soul_bead":3,"minecraft:mossy_stone_bricks":1,"minecraft:sand":3,"regions_unexplored:chalk":1,"minecraft:acacia_stairs":13,"create:honeyed_apple":1,"minecraft:iron_hoe":1,"qualitycrops:wheat_iron":5,"vinery:jungle_grapes_red":1,"minecraft:granite":53,"regions_unexplored:clover":4,"alexsmobs:rattlesnake_rattle":2,"minecraft:bone_meal":1,"minecraft:bread":41,"minecraft:spruce_sign":7,"minecraft:emerald":2,"born_in_chaos_v1:rotten_fish":2,"minecraft:oak_sapling":1,"minecraft:netherrack":7,"minecraft:charcoal":8,"minecraft:crafting_table":5,"minecraft:chicken":8,"born_in_chaos_v1:seedof_chaos":6,"minecraft:leather_leggings":1,"minecraft:cornflower":2,"qualitycrops:wheat_diamond":2,"minecraft:wooden_sword":1,"minecraft:iron_axe":1,"supplementaries:statue":1,"betterarcheology:vase_green":1,"minecraft:item_frame":3,"minecraft:iron_shovel":1,"minecraft:cracked_stone_bricks":1,"minecraft:oak_boat":1,"born_in_chaos_v1:gnawed_bones":1,"minecraft:poppy":2,"minecraft:chest":2,"minecraft:sugar_cane":3,"minecraft:spruce_trapdoor":19,"qualitycrops:cooked_chicken_diamond":1,"minecraft:egg":1,"minecraft:raw_iron":34,"qualitycrops:sugar_cane_gold":1,"qualitycrops:beetroot_diamond":2,"sophisticatedbackpacks:backpack":1,"minecraft:stone_button":18,"qualitycrops:mutton_diamond":1,"born_in_chaos_v1:pieceofdarkmetal":7,"minecraft:stone_pressure_plate":4,"minecraft:arrow":14,"minecraft:yellow_terracotta":1,"minecraft:gold_ingot":5,"born_in_chaos_v1:corpse_maggot":1,"minecraft:tripwire_hook":1,"minecraft:leather":1,"qualitycrops:melon_slice_diamond":4,"quark:rusty_iron_plate":3,"minecraft:oak_log":15,"minecraft:gunpowder":4,"minecraft:cobblestone_stairs":16,"tombstone:gift":1,"farmersdelight:honey_glazed_ham_block":1,"minecraft:stone_bricks":1,"minecraft:kelp":7,"iceandfire:dragon_stick":3,"minecraft:iron_ingot":13,"minecraft:stone_pickaxe":1,"minecraft:acacia_sapling":5,"minecraft:book":27,"minecraft:scaffolding":5,"qualitycrops:cooked_porkchop_gold":1,"minecraft:smooth_basalt":1,"iceandfire:dragon_horn":1,"born_in_chaos_v1:orbofthe_summoner":2,"iceandfire:ash":2,"born_in_chaos_v1:ethereal_spirit":7,"born_in_chaos_v1:dark_rod":1,"minecraft:spruce_sapling":10,"minecraft:spruce_log":35,"minecraft:spruce_door":3,"minecraft:spider_eye":4,"minecraft:leather_helmet":1,"iceandfire:dragon_flute":1,"regions_unexplored:fireweed":1,"minecraft:polished_diorite":6,"minecraft:iron_helmet":2,"minecraft:birch_sign":1,"minecraft:melon_seeds":3,"minecraft:coal":45},"minecraft:custom":{"lootr:looted_stat":95,"minecraft:interact_with_crafting_table":21,"minecraft:open_barrel":23,"minecraft:bell_ring":2,"minecraft:eat_cake_slice":1,"minecraft:leave_game":7,"minecraft:time_since_death":131101,"minecraft:sprint_one_cm":527618,"minecraft:drop":125,"minecraft:talked_to_villager":1,"minecraft:play_time":383764,"minecraft:deaths":13,"minecraft:jump":3858,"minecraft:walk_on_water_one_cm":34173,"minecraft:interact_with_furnace":14,"minecraft:interact_with_cartography_table":1,"minecraft:sleep_in_bed":9,"tombstone:sneak_grave":2,"minecraft:damage_dealt":20441,"minecraft:crouch_one_cm":11499,"tombstone:undead_killed":60,"tombstone:villager_killed":2,"minecraft:mob_kills":101,"minecraft:damage_dealt_resisted":4529,"minecraft:climb_one_cm":22810,"minecraft:walk_one_cm":858008,"minecraft:sneak_time":5675,"minecraft:walk_under_water_one_cm":29007,"minecraft:boat_one_cm":27182,"minecraft:interact_with_lectern":2,"minecraft:total_world_time":383764,"tombstone:raider_killed":3,"minecraft:time_since_rest":22208,"minecraft:damage_taken":7374,"minecraft:swim_one_cm":64155,"minecraft:fly_one_cm":1172912,"minecraft:open_chest":52,"minecraft:fall_one_cm":110976},"minecraft:crafted":{"minecraft:oak_planks":24,"quark:birch_chest":1,"minecraft:crafting_table":2,"minecraft:iron_helmet":1,"minecraft:acacia_button":1,"minecraft:birch_planks":24,"minecraft:iron_chestplate":2,"minecraft:stick":20,"minecraft:iron_ingot":22,"minecraft:iron_pickaxe":1,"minecraft:polished_andesite":32,"quark:acacia_chest":2,"minecraft:polished_diorite":132,"minecraft:iron_axe":2,"ironchest:gold_chest":1,"minecraft:iron_sword":1,"minecraft:polished_granite":52,"minecraft:bread":19,"minecraft:air":0,"minecraft:jungle_planks":4,"minecraft:oak_boat":2,"minecraft:iron_leggings":2,"minecraft:acacia_planks":24,"minecraft:torch":48,"ironchest:iron_chest":1},"minecraft:broken":{"minecraft:iron_chestplate":1,"minecraft:iron_sword":1,"minecraft:iron_axe":1,"minecraft:iron_helmet":1},"minecraft:killed":{"minecraft:cave_spider":5,"born_in_chaos_v1:zombie_lumberjack":1,"born_in_chaos_v1:restless_spirit":3,"born_in_chaos_v1:skeleton_demoman":2,"minecraft:spider":5,"born_in_chaos_v1:baby_skeleton_minion":12,"minecraft:skeleton":1,"born_in_chaos_v1:supreme_bonescaller_stage_2":2,"iceandfire:cockatrice":2,"minecraft:pillager":3,"minecraft:zombie":11,"born_in_chaos_v1:dread_hound":3,"minecraft:stray":5,"born_in_chaos_v1:door_knight":1,"born_in_chaos_v1:siamese_skeletonsleft":1,"born_in_chaos_v1:skeleton_thrasher_not_despawn":2,"alexsmobs:rattlesnake":3,"minecraft:zoglin":1,"born_in_chaos_v1:maggot":5,"born_in_chaos_v1:corpse_fish":3,"born_in_chaos_v1:spirit_guide":1,"alexsmobs:guster":1,"born_in_chaos_v1:bone_imp_minion":6,"born_in_chaos_v1:spirit_guide_assistant":3,"born_in_chaos_v1:decrepit_skeleton":5,"alexsmobs:elephant":1,"born_in_chaos_v1:dark_vortex":1,"born_in_chaos_v1:bonescaller_not_despawn":3,"minecraft:villager":2,"quark:wraith":3}},"DataVersion":3465}