{"stats":{"minecraft:crafted":{"minecraft:crafting_table":1,"minecraft:spruce_planks":16,"minecraft:air":0,"minecraft:stick":8,"minecraft:iron_ingot":19,"minecraft:torch":32},"minecraft:custom":{"minecraft:interact_with_furnace":8,"minecraft:mob_kills":26,"minecraft:interact_with_crafting_table":1,"minecraft:bell_ring":1,"minecraft:eat_cake_slice":2,"minecraft:leave_game":2,"minecraft:time_since_death":14228,"minecraft:sleep_in_bed":5,"minecraft:climb_one_cm":428,"minecraft:time_since_rest":651,"minecraft:sprint_one_cm":97209,"minecraft:damage_taken":1616,"minecraft:walk_one_cm":324311,"minecraft:trigger_trapped_chest":3,"minecraft:drop":31,"minecraft:damage_dealt":5812,"minecraft:swim_one_cm":3725,"minecraft:talked_to_villager":1,"minecraft:fly_one_cm":187978,"minecraft:open_chest":30,"minecraft:crouch_one_cm":2816,"minecraft:play_time":79845,"tombstone:undead_killed":23,"minecraft:deaths":3,"minecraft:sneak_time":1416,"minecraft:walk_under_water_one_cm":3252,"minecraft:jump":1057,"minecraft:walk_on_water_one_cm":4035,"minecraft:total_world_time":79845,"minecraft:interact_with_smoker":2,"minecraft:fall_one_cm":30041,"minecraft:horse_one_cm":973},"minecraft:killed":{"minecraft:spider":3,"minecraft:skeleton":8,"iceandfire:ghost":3,"minecraft:zombie":12},"minecraft:dropped":{"minecraft:golden_boots":1,"minecraft:bread":10,"minecraft:iron_sword":1,"minecraft:wheat_seeds":4,"minecraft:oak_pressure_plate":2,"minecraft:cooked_porkchop":2,"tombstone:gift":1,"tombstone:tablet_of_recall":1,"minecraft:iron_helmet":1,"minecraft:rotten_flesh":12,"alexsmobs:emu_egg":1,"minecraft:leather_chestplate":1,"minecraft:bundle":1,"minecraft:andesite":1,"iceandfire:bestiary":1,"minecraft:leather_leggings":1,"minecraft:stone_pickaxe":1,"minecraft:string":6,"farmersdelight:tomato":1,"minecraft:armor_stand":3,"minecraft:egg":2},"minecraft:mined":{"iceandfire:graveyard_soil":2,"minecraft:white_bed":2,"iceandfire:silver_ore":7,"minecraft:mossy_cobblestone":1,"biomesoplenty:desert_grass":1,"minecraft:cobblestone":4,"minecraft:oak_pressure_plate":2,"minecraft:tall_grass":5,"minecraft:spruce_leaves":1,"minecraft:lapis_ore":2,"minecraft:skeleton_skull":1,"supplementaries:urn":5,"valhelsia_structures:bone_pile":6,"minecraft:iron_ore":26,"valhelsia_structures:cracked_big_glazed_jar":1,"minecraft:spruce_log":4,"minecraft:acacia_stairs":2,"minecraft:andesite":11,"minecraft:grass":13,"minecraft:vine":1,"minecraft:cobblestone_slab":1,"minecraft:stone":14,"minecraft:fern":1,"minecraft:orange_bed":1,"iceandfire:pixie_jar_empty":1},"minecraft:used":{"alexsmobs:emu_egg":1,"minecraft:cooked_mutton":3,"minecraft:iron_shovel":4,"farmersdelight:cabbage_seeds":1,"minecraft:spruce_planks":4,"minecraft:iron_sword":147,"minecraft:orange_bed":1,"minecraft:torch":33,"minecraft:dirt":10,"minecraft:crafting_table":1,"minecraft:white_bed":1,"minecraft:granite":1,"minecraft:acacia_stairs":2,"farmersdelight:tomato":1,"minecraft:melon_slice":1,"minecraft:bread":10,"minecraft:iron_pickaxe":78,"minecraft:item_frame":2,"minecraft:cobblestone":15,"minecraft:cooked_porkchop":2,"minecraft:andesite":9,"alexsmobs:animal_dictionary":1,"minecraft:experience_bottle":1,"iceandfire:pixie_jar_empty":1},"minecraft:picked_up":{"minecraft:leather_chestplate":2,"minecraft:leather":1,"minecraft:glow_ink_sac":3,"minecraft:andesite":11,"minecraft:leather_leggings":1,"minecraft:golden_boots":1,"minecraft:dirt":10,"alexsmobs:gazelle_horn":1,"minecraft:lapis_lazuli":15,"farmersdelight:tomato":3,"minecraft:string":13,"minecraft:iron_leggings":1,"minecraft:item_frame":2,"minecraft:cooked_mutton":3,"minecraft:armor_stand":3,"minecraft:iron_shovel":1,"minecraft:experience_bottle":1,"minecraft:bone":20,"iceandfire:pixie_jar_empty":1,"minecraft:bow":1,"minecraft:wheat_seeds":4,"minecraft:gold_nugget":9,"minecraft:iron_ingot":4,"minecraft:stone_pickaxe":1,"minecraft:cobweb":4,"minecraft:melon_slice":1,"minecraft:iron_sword":2,"farmersdelight:cabbage_seeds":1,"minecraft:egg":2,"minecraft:tipped_arrow":3,"minecraft:raw_iron":26,"minecraft:cooked_porkchop":4,"minecraft:torch":1,"minecraft:oak_pressure_plate":2,"minecraft:porkchop":2,"tombstone:grave_dust":1,"minecraft:carrot":1,"minecraft:white_bed":2,"minecraft:spruce_log":4,"minecraft:acacia_stairs":2,"minecraft:spider_eye":1,"minecraft:orange_bed":1,"tombstone:scroll_of_true_sight":1,"minecraft:bundle":2,"minecraft:iron_hoe":1,"minecraft:arrow":7,"minecraft:rotten_flesh":12,"tombstone:tablet_of_recall":1,"minecraft:iron_helmet":1,"minecraft:granite":1,"minecraft:crossbow":1,"minecraft:bread":4,"alexsmobs:emu_egg":4,"minecraft:gold_ingot":3,"minecraft:chainmail_helmet":1,"supplementaries:ash":16,"tombstone:magic_scroll":3,"minecraft:skeleton_skull":1,"iceandfire:raw_silver":7,"minecraft:cobblestone":19},"minecraft:killed_by":{"iceandfire:ghost":1,"cave_dweller:cave_dweller":1}},"DataVersion":3465}