{"stats":{"minecraft:crafted":{"minecraft:crafting_table":1,"minecraft:spruce_planks":16},"minecraft:custom":{"minecraft:open_chest":6,"minecraft:time_since_rest":2277,"minecraft:crouch_one_cm":122,"minecraft:interact_with_furnace":1,"minecraft:sprint_one_cm":33891,"minecraft:play_time":19845,"minecraft:damage_taken":30,"minecraft:walk_one_cm":49800,"minecraft:sneak_time":66,"minecraft:walk_under_water_one_cm":102,"minecraft:drop":4,"minecraft:jump":279,"minecraft:walk_on_water_one_cm":284,"minecraft:time_since_death":19845,"minecraft:leave_game":2,"minecraft:sleep_in_bed":1,"minecraft:total_world_time":19845,"minecraft:swim_one_cm":2117,"minecraft:fall_one_cm":11111,"minecraft:fly_one_cm":61535,"minecraft:horse_one_cm":192},"minecraft:dropped":{"minecraft:bread":3,"alexsmobs:emu_egg":1},"minecraft:mined":{"minecraft:grass":2,"minecraft:white_bed":1,"minecraft:spruce_leaves":1,"minecraft:spruce_log":4},"minecraft:used":{"alexsmobs:emu_egg":1,"minecraft:bread":2,"minecraft:white_bed":1,"alexsmobs:animal_dictionary":1},"minecraft:picked_up":{"minecraft:cooked_mutton":1,"minecraft:experience_bottle":1,"alexsmobs:emu_egg":2,"minecraft:gold_ingot":1,"minecraft:white_bed":1,"minecraft:spruce_log":4,"minecraft:egg":2}},"DataVersion":3465}