{"stats":{"minecraft:killed_by":{"minecraft:pillager":1},"minecraft:mined":{"minecraft:iron_ore":4,"minecraft:acacia_stairs":1,"minecraft:cornflower":2,"minecraft:grass":5,"minecraft:red_tulip":1,"minecraft:grass_block":1,"minecraft:poppy":1,"minecraft:tall_grass":1,"minecraft:orange_bed":2},"minecraft:dropped":{"minecraft:leather_boots":1,"tombstone:gift":2,"minecraft:leather_leggings":1,"minecraft:leather_helmet":1,"minecraft:leather_chestplate":1},"minecraft:used":{"minecraft:knowledge_book":2,"minecraft:wheat_seeds":58,"minecraft:iron_hoe":27,"minecraft:acacia_stairs":1,"minecraft:armor_stand":1,"minecraft:bread":3,"minecraft:stone_pickaxe":6,"minecraft:orange_bed":2,"minecraft:dirt":1},"minecraft:picked_up":{"vinery:red_grape":7,"minecraft:wheat":22,"qualitycrops:wheat_gold":1,"minecraft:leather_chestplate":1,"qualitycrops:sugar_cane_gold":1,"minecraft:leather_leggings":1,"qualitycrops:mutton_diamond":1,"minecraft:acacia_stairs":1,"minecraft:leather_helmet":1,"minecraft:cornflower":2,"minecraft:dirt":1,"qualitycrops:wheat_diamond":2,"minecraft:orange_bed":2,"minecraft:iron_hoe":1,"minecraft:item_frame":1,"minecraft:armor_stand":1,"minecraft:leather_boots":1,"minecraft:iron_shovel":1,"minecraft:experience_bottle":1,"qualitycrops:wheat_iron":3,"minecraft:wheat_seeds":58,"minecraft:stone_pickaxe":1,"minecraft:poppy":1,"minecraft:sugar_cane":3,"minecraft:raw_iron":4},"minecraft:custom":{"minecraft:time_since_rest":177,"minecraft:interact_with_furnace":4,"lootr:looted_stat":9,"minecraft:sprint_one_cm":49889,"minecraft:damage_taken":447,"minecraft:walk_one_cm":121856,"tombstone:sneak_grave":2,"minecraft:drop":6,"minecraft:damage_dealt":118,"minecraft:fly_one_cm":220104,"minecraft:swim_one_cm":2608,"minecraft:open_barrel":1,"minecraft:crouch_one_cm":893,"minecraft:play_time":50488,"minecraft:deaths":1,"minecraft:sneak_time":997,"minecraft:walk_under_water_one_cm":355,"minecraft:jump":235,"minecraft:eat_cake_slice":1,"minecraft:leave_game":2,"minecraft:time_since_death":8311,"minecraft:walk_on_water_one_cm":2112,"minecraft:sleep_in_bed":1,"minecraft:total_world_time":50488,"minecraft:fall_one_cm":2458}},"DataVersion":3465}