{"stats":{"minecraft:killed_by":{"minecraft:pillager":1},"minecraft:mined":{"minecraft:scaffolding":1,"minecraft:stone_pressure_plate":1,"minecraft:spruce_door":1,"minecraft:crafting_table":1,"minecraft:cornflower":2,"minecraft:spruce_trapdoor":4,"minecraft:acacia_log":47,"minecraft:grass_block":1,"minecraft:poppy":1,"minecraft:campfire":2,"minecraft:tall_grass":1,"minecraft:polished_diorite":6,"minecraft:air":12,"minecraft:spruce_stairs":2,"minecraft:furnace":2,"minecraft:iron_ore":4,"minecraft:acacia_stairs":1,"minecraft:potted_poppy":1,"minecraft:grass":5,"minecraft:red_tulip":1,"minecraft:acacia_fence":5,"minecraft:acacia_planks":6,"minecraft:potted_red_tulip":1,"minecraft:orange_bed":2},"minecraft:dropped":{"tombstone:gift":2,"minecraft:chicken":4,"minecraft:leather_helmet":1,"minecraft:leather_chestplate":1,"minecraft:potato":4,"minecraft:spruce_trapdoor":1,"minecraft:charcoal":4,"minecraft:leather_boots":1,"tombstone:grave_dust":2,"minecraft:leather_leggings":1,"minecraft:stone_pressure_plate":2},"minecraft:used":{"minecraft:knowledge_book":2,"minecraft:wheat_seeds":58,"minecraft:acacia_log":95,"minecraft:armor_stand":1,"minecraft:stone_pickaxe":17,"minecraft:orange_bed":2,"minecraft:dirt":1,"quark:acacia_chest":2,"minecraft:iron_hoe":27,"minecraft:acacia_stairs":1,"minecraft:iron_axe":83,"minecraft:bread":3,"minecraft:stone_button":4,"minecraft:acacia_fence_gate":2,"minecraft:acacia_fence":5,"minecraft:experience_bottle":1},"minecraft:picked_up":{"minecraft:crafting_table":1,"minecraft:charcoal":4,"minecraft:leather_chestplate":1,"qualitycrops:wheat_gold":2,"minecraft:wheat":23,"vinery:red_grape":7,"minecraft:chicken":4,"minecraft:flower_pot":2,"minecraft:leather_leggings":1,"minecraft:leather":1,"minecraft:potato":4,"qualitycrops:wheat_diamond":2,"minecraft:cornflower":2,"minecraft:dirt":1,"minecraft:leather_boots":1,"minecraft:armor_stand":1,"minecraft:item_frame":3,"minecraft:iron_shovel":1,"minecraft:experience_bottle":1,"minecraft:acacia_planks":5,"minecraft:wheat_seeds":69,"minecraft:stone_pickaxe":1,"minecraft:poppy":2,"minecraft:sugar_cane":3,"minecraft:spruce_trapdoor":5,"minecraft:furnace":2,"minecraft:scaffolding":1,"minecraft:raw_iron":4,"minecraft:acacia_fence":5,"qualitycrops:sugar_cane_gold":1,"minecraft:torch":8,"minecraft:acacia_log":155,"minecraft:spruce_stairs":1,"minecraft:stone_button":18,"qualitycrops:mutton_diamond":1,"tombstone:grave_dust":3,"minecraft:acacia_stairs":1,"minecraft:spruce_door":1,"minecraft:leather_helmet":1,"minecraft:stone_pressure_plate":4,"minecraft:orange_bed":2,"minecraft:iron_hoe":1,"qualitycrops:wheat_iron":3,"minecraft:polished_diorite":6,"minecraft:red_tulip":2,"minecraft:spruce_sign":3,"minecraft:melon_seeds":3,"minecraft:coal":16},"minecraft:custom":{"lootr:looted_stat":9,"minecraft:interact_with_furnace":5,"minecraft:interact_with_crafting_table":3,"minecraft:open_barrel":1,"minecraft:eat_cake_slice":1,"minecraft:leave_game":2,"minecraft:time_since_death":20311,"minecraft:sleep_in_bed":1,"minecraft:time_since_rest":12177,"minecraft:sprint_one_cm":61095,"minecraft:damage_taken":597,"minecraft:walk_one_cm":171671,"tombstone:sneak_grave":2,"minecraft:drop":13,"minecraft:damage_dealt":118,"minecraft:swim_one_cm":2608,"minecraft:fly_one_cm":222947,"minecraft:open_chest":2,"minecraft:crouch_one_cm":2638,"minecraft:play_time":62488,"minecraft:deaths":1,"minecraft:sneak_time":1839,"minecraft:walk_under_water_one_cm":355,"minecraft:jump":335,"minecraft:walk_on_water_one_cm":2252,"minecraft:total_world_time":62488,"minecraft:fall_one_cm":6326},"minecraft:crafted":{"quark:acacia_chest":2,"minecraft:iron_axe":1,"minecraft:stick":4,"minecraft:acacia_planks":20}},"DataVersion":3465}