{"stats":{"minecraft:crafted":{"minecraft:crafting_table":1,"minecraft:spruce_planks":16,"minecraft:stick":8,"minecraft:torch":32},"minecraft:custom":{"minecraft:interact_with_furnace":2,"minecraft:mob_kills":9,"minecraft:bell_ring":1,"minecraft:eat_cake_slice":2,"minecraft:leave_game":2,"minecraft:time_since_death":43845,"minecraft:sleep_in_bed":2,"minecraft:time_since_rest":10865,"minecraft:sprint_one_cm":62479,"minecraft:damage_taken":379,"minecraft:walk_one_cm":184086,"minecraft:drop":18,"minecraft:damage_dealt":1888,"minecraft:swim_one_cm":3725,"minecraft:talked_to_villager":1,"minecraft:fly_one_cm":101645,"minecraft:open_chest":23,"minecraft:crouch_one_cm":847,"minecraft:play_time":43845,"tombstone:undead_killed":9,"minecraft:sneak_time":509,"minecraft:walk_under_water_one_cm":3252,"minecraft:jump":570,"minecraft:walk_on_water_one_cm":4035,"minecraft:total_world_time":43845,"minecraft:interact_with_smoker":2,"minecraft:fall_one_cm":18222,"minecraft:horse_one_cm":192},"minecraft:killed":{"minecraft:skeleton":1,"minecraft:zombie":8},"minecraft:dropped":{"minecraft:bread":7,"minecraft:cooked_porkchop":2,"minecraft:iron_helmet":1,"alexsmobs:emu_egg":1,"minecraft:leather_chestplate":1,"iceandfire:bestiary":1,"minecraft:leather_leggings":1,"minecraft:stone_pickaxe":1,"farmersdelight:tomato":1,"minecraft:armor_stand":3,"minecraft:egg":2},"minecraft:mined":{"minecraft:white_bed":1,"iceandfire:silver_ore":6,"minecraft:tall_grass":1,"minecraft:spruce_leaves":1,"minecraft:lapis_ore":2,"supplementaries:urn":5,"minecraft:iron_ore":26,"minecraft:spruce_log":4,"minecraft:acacia_stairs":2,"minecraft:andesite":10,"minecraft:grass":2,"minecraft:stone":11},"minecraft:used":{"alexsmobs:emu_egg":1,"minecraft:cooked_mutton":1,"farmersdelight:cabbage_seeds":1,"minecraft:iron_sword":48,"minecraft:torch":22,"minecraft:white_bed":1,"minecraft:granite":1,"minecraft:acacia_stairs":2,"farmersdelight:tomato":1,"minecraft:melon_slice":1,"minecraft:bread":6,"minecraft:iron_pickaxe":56,"minecraft:item_frame":2,"minecraft:cobblestone":5,"minecraft:andesite":4,"alexsmobs:animal_dictionary":1},"minecraft:picked_up":{"minecraft:leather_chestplate":2,"minecraft:glow_ink_sac":3,"minecraft:andesite":10,"minecraft:leather_leggings":1,"minecraft:golden_boots":1,"minecraft:lapis_lazuli":15,"farmersdelight:tomato":3,"minecraft:iron_leggings":1,"minecraft:item_frame":2,"minecraft:cooked_mutton":3,"minecraft:armor_stand":3,"minecraft:iron_shovel":1,"minecraft:experience_bottle":1,"minecraft:bone":6,"minecraft:bow":1,"minecraft:iron_ingot":4,"minecraft:stone_pickaxe":1,"minecraft:cobweb":4,"minecraft:melon_slice":1,"minecraft:iron_sword":1,"farmersdelight:cabbage_seeds":1,"minecraft:egg":2,"minecraft:tipped_arrow":3,"minecraft:raw_iron":26,"minecraft:cooked_porkchop":4,"minecraft:torch":1,"minecraft:porkchop":2,"minecraft:carrot":1,"minecraft:white_bed":1,"minecraft:spruce_log":4,"minecraft:acacia_stairs":2,"tombstone:scroll_of_true_sight":1,"minecraft:iron_hoe":1,"minecraft:arrow":1,"minecraft:rotten_flesh":10,"tombstone:tablet_of_recall":1,"minecraft:iron_helmet":1,"minecraft:granite":1,"minecraft:crossbow":1,"minecraft:bread":2,"alexsmobs:emu_egg":3,"minecraft:gold_ingot":3,"minecraft:chainmail_helmet":1,"supplementaries:ash":16,"tombstone:magic_scroll":2,"iceandfire:raw_silver":6,"minecraft:cobblestone":15}},"DataVersion":3465}