{"stats":{"minecraft:used":{"minecraft:knowledge_book":2},"minecraft:picked_up":{"qualitycrops:mutton_diamond":1},"minecraft:custom":{"minecraft:open_barrel":1,"minecraft:time_since_rest":26488,"minecraft:leave_game":2,"minecraft:crouch_one_cm":526,"minecraft:sprint_one_cm":19442,"lootr:looted_stat":3,"minecraft:play_time":26488,"minecraft:time_since_death":26488,"minecraft:walk_on_water_one_cm":875,"minecraft:walk_one_cm":35673,"minecraft:sneak_time":837,"minecraft:total_world_time":26488,"minecraft:walk_under_water_one_cm":355,"minecraft:swim_one_cm":2608,"minecraft:fall_one_cm":209,"minecraft:fly_one_cm":194900,"minecraft:jump":102}},"DataVersion":3465}