{"stats":{"minecraft:used":{"minecraft:elytra":1,"minecraft:firework_rocket":50,"tombstone:bag_of_seeds":2},"minecraft:custom":{"minecraft:jump":160,"minecraft:open_chest":5,"minecraft:time_since_rest":25322,"minecraft:interact_with_smithing_table":1,"minecraft:leave_game":4,"minecraft:crouch_one_cm":597,"minecraft:play_time":25322,"minecraft:interact_with_loom":1,"minecraft:sprint_one_cm":24092,"minecraft:time_since_death":25322,"minecraft:walk_on_water_one_cm":2851,"minecraft:walk_one_cm":55371,"minecraft:sneak_time":510,"minecraft:total_world_time":25322,"minecraft:climb_one_cm":2029,"minecraft:walk_under_water_one_cm":17803,"minecraft:swim_one_cm":4717,"minecraft:fly_one_cm":269050,"minecraft:aviate_one_cm":1563053}},"DataVersion":3465}