{"stats":{"minecraft:dropped":{"minecraft:crafting_table":2},"minecraft:picked_up":{"minecraft:crafting_table":2,"minecraft:dirt":1},"minecraft:used":{"tombstone:bag_of_seeds":2,"alexsmobs:spawn_egg_mungus":2,"alexsmobs:spawn_egg_orca":1,"alexsmobs:spawn_egg_banana_slug":1,"minecraft:soul_sand":4,"minecraft:firework_rocket":50,"alexsmobs:spawn_egg_mudskipper":1,"minecraft:wither_skeleton_skull":3,"alexsmobs:spawn_egg_cosmaw":1,"alexsmobs:spawn_egg_tasmanian_devil":1,"alexsmobs:spawn_egg_hummingbird":6,"minecraft:elytra":1,"alexsmobs:spawn_egg_cockroach":1,"minecraft:splash_potion":6,"minecraft:obsidian":2,"alexsmobs:spawn_egg_mantis_shrimp":1},"minecraft:custom":{"minecraft:time_since_rest":36977,"minecraft:open_chest":5,"minecraft:interact_with_smithing_table":1,"minecraft:crouch_one_cm":1043,"minecraft:sprint_one_cm":29597,"minecraft:interact_with_loom":1,"minecraft:play_time":36977,"minecraft:walk_one_cm":66265,"minecraft:sneak_time":1043,"minecraft:walk_under_water_one_cm":17803,"minecraft:drop":2,"minecraft:aviate_one_cm":1563053,"minecraft:jump":217,"minecraft:damage_dealt":10,"minecraft:leave_game":5,"minecraft:walk_on_water_one_cm":2851,"minecraft:time_since_death":36977,"minecraft:climb_one_cm":2029,"minecraft:total_world_time":36977,"minecraft:swim_one_cm":4717,"minecraft:fly_one_cm":290402}},"DataVersion":3465}