{"stats":{"minecraft:used":{"minecraft:elytra":1,"minecraft:firework_rocket":36},"minecraft:custom":{"minecraft:jump":110,"minecraft:open_chest":4,"minecraft:time_since_rest":14275,"minecraft:interact_with_smithing_table":1,"minecraft:interact_with_loom":1,"minecraft:crouch_one_cm":462,"minecraft:leave_game":3,"minecraft:play_time":14275,"minecraft:sprint_one_cm":17007,"minecraft:time_since_death":14275,"minecraft:walk_on_water_one_cm":1686,"minecraft:walk_one_cm":37326,"minecraft:sneak_time":212,"minecraft:total_world_time":14275,"minecraft:climb_one_cm":586,"minecraft:walk_under_water_one_cm":11385,"minecraft:fly_one_cm":104947,"minecraft:aviate_one_cm":1028869}},"DataVersion":3465}