{"stats":{"minecraft:dropped":{"minecraft:crafting_table":12},"minecraft:picked_up":{"minecraft:crafting_table":12,"minecraft:wheat_seeds":1,"minecraft:sand":59,"minecraft:oak_log":3,"minecraft:string":4,"minecraft:spider_eye":2,"minecraft:dirt":20},"minecraft:killed":{"minecraft:spider":2,"alexsmobs:orca":1},"minecraft:mined":{"minecraft:oak_log":3,"minecraft:sand":6,"minecraft:tall_grass":3},"minecraft:used":{"minecraft:wooden_sword":39,"minecraft:dirt":36,"minecraft:sand":38,"minecraft:crafting_table":2,"tombstone:gift":2,"alexsmobs:animal_dictionary":1},"minecraft:custom":{"minecraft:time_since_rest":1317,"minecraft:damage_taken":990,"minecraft:crouch_one_cm":2015,"minecraft:play_time":12243,"minecraft:sprint_one_cm":16041,"minecraft:deaths":3,"minecraft:walk_one_cm":19466,"minecraft:sneak_time":547,"minecraft:mob_kills":3,"minecraft:drop":12,"minecraft:jump":212,"minecraft:damage_dealt":1084,"minecraft:leave_game":2,"minecraft:time_since_death":1512,"minecraft:walk_on_water_one_cm":20,"minecraft:total_world_time":12243,"minecraft:interact_with_crafting_table":1,"minecraft:fall_one_cm":7798,"minecraft:fly_one_cm":35775},"minecraft:crafted":{"minecraft:wooden_sword":1,"minecraft:oak_planks":12,"minecraft:crafting_table":2,"minecraft:stick":4},"minecraft:killed_by":{"alexsmobs:orca":1,"minecraft:wither":2}},"DataVersion":3465}