{"stats":{"minecraft:used":{"alexsmobs:emu_egg":3,"minecraft:iron_bars":2,"minecraft:iron_shovel":35,"minecraft:armor_stand":1,"tombstone:scroll_of_frost_resistance":3,"farmersdelight:cabbage_seeds":18,"minecraft:chest":1,"minecraft:iron_sword":100,"minecraft:orange_bed":1,"minecraft:torch":6,"minecraft:dirt":1,"minecraft:white_carpet":1,"farmersdelight:tomato":1,"minecraft:item_frame":2,"farmersdelight:tomato_sauce":2,"farmersdelight:cutting_board":1,"farmersdelight:cooking_pot":3,"minecraft:acacia_fence":2,"tombstone:gift":4,"minecraft:egg":3,"minecraft:potato":18,"minecraft:acacia_planks":4,"iceandfire:pixie_jar_empty":1,"minecraft:wheat_seeds":37,"minecraft:cooked_mutton":2,"farmersdelight:iron_knife":110,"tombstone:scroll_of_knowledge":2,"minecraft:leather_leggings":2,"minecraft:stone_pickaxe":36,"minecraft:wooden_pickaxe":39,"minecraft:salmon":1,"minecraft:crafting_table":3,"alexsmobs:flying_fish":1,"waystones:waystone":1,"minecraft:apple":3,"minecraft:acacia_stairs":1,"minecraft:bread":28,"iceandfire:graveyard_soil":2,"tombstone:magic_scroll":1,"iceandfire:ash":1,"minecraft:oak_pressure_plate":2,"minecraft:pink_bed":2,"minecraft:cobblestone":8,"minecraft:porkchop":3,"minecraft:andesite":1,"minecraft:bucket":1,"chococraft:gysahl_green":7,"minecraft:oak_boat":2,"alexsmobs:animal_dictionary":6,"minecraft:experience_bottle":3,"tombstone:scroll_of_unstable_intangibility":1},"minecraft:killed":{"minecraft:skeleton":3,"alexsmobs:kangaroo":3,"alexsmobs:flying_fish":1,"minecraft:pig":3,"minecraft:sheep":1,"minecraft:zombie":1,"iceandfire:ghost":1,"alexsmobs:terrapin":2,"alexsmobs:gazelle":1,"minecraft:cow":3,"chococraft:chocobo":1},"minecraft:killed_by":{"minecraft:creeper":2,"iceandfire:cockatrice":1,"iceandfire:ghost":1,"iceandfire:fire_dragon":4},"minecraft:custom":{"minecraft:interact_with_smithing_table":1,"minecraft:mob_kills":22,"minecraft:animals_bred":5,"minecraft:interact_with_crafting_table":20,"minecraft:open_barrel":3,"minecraft:bell_ring":12,"minecraft:eat_cake_slice":3,"minecraft:leave_game":11,"minecraft:time_since_death":46648,"minecraft:climb_one_cm":39,"minecraft:sprint_one_cm":391920,"minecraft:walk_one_cm":1140648,"minecraft:drop":74,"minecraft:talked_to_villager":14,"minecraft:play_time":384730,"minecraft:sneak_time":9378,"minecraft:deaths":10,"minecraft:walk_under_water_one_cm":54295,"minecraft:jump":3495,"minecraft:walk_on_water_one_cm":89033,"minecraft:total_world_time":384730,"minecraft:interact_with_furnace":15,"minecraft:sleep_in_bed":20,"minecraft:waystone_activated":2,"minecraft:time_since_rest":35891,"minecraft:damage_taken":4224,"minecraft:trigger_trapped_chest":1,"minecraft:damage_dealt":3345,"tombstone:cast_on_ally":0,"minecraft:swim_one_cm":94879,"minecraft:fly_one_cm":441482,"minecraft:open_chest":73,"minecraft:crouch_one_cm":12094,"tombstone:undead_killed":5,"minecraft:interact_with_smoker":1,"minecraft:fall_one_cm":72698},"minecraft:crafted":{"minecraft:oak_planks":40,"minecraft:pink_bed":1,"minecraft:pink_dye":1,"minecraft:cooked_mutton":8,"minecraft:leather":2,"farmersdelight:tomato_sauce":2,"minecraft:chest":1,"alexsmobs:kangaroo_burger":2,"minecraft:crafting_table":3,"farmersdelight:iron_knife":1,"minecraft:wooden_pickaxe":1,"alexsmobs:cooked_kangaroo_meat":2,"minecraft:iron_sword":2,"minecraft:bowl":4,"minecraft:oak_boat":2,"farmersdelight:cutting_board":1,"minecraft:stick":12,"minecraft:iron_ingot":20,"minecraft:wooden_axe":1,"minecraft:iron_shovel":1,"chococraft:chocobo_saddle":2,"minecraft:acacia_planks":32,"minecraft:shears":1},"minecraft:picked_up":{"minecraft:charcoal":8,"minecraft:iron_chestplate":1,"minecraft:wheat":60,"minecraft:allium":3,"minecraft:leather_leggings":1,"minecraft:lead":3,"minecraft:wooden_pickaxe":1,"farmersdelight:tomato_sauce":1,"minecraft:brick":9,"alexsmobs:gazelle_horn":1,"minecraft:string":4,"minecraft:white_carpet":2,"qualitysdelight:tomato_iron":2,"minecraft:iron_leggings":2,"minecraft:item_frame":1,"minecraft:armor_stand":2,"minecraft:experience_bottle":3,"iceandfire:graveyard_soil":2,"iceandfire:bestiary":2,"minecraft:gold_nugget":52,"minecraft:bucket":1,"farmersdelight:cabbage":8,"minecraft:beef":4,"farmersdelight:straw":1,"minecraft:oak_boat":1,"minecraft:rose_bush":1,"minecraft:cobblestone_slab":1,"minecraft:sugar_cane":20,"farmersdelight:cabbage_seeds":29,"minecraft:egg":4,"minecraft:stick":1,"minecraft:raw_iron":13,"minecraft:acacia_fence":3,"farmersdelight:rotten_tomato":1,"minecraft:acacia_log":8,"minecraft:torch":4,"minecraft:bowl":2,"qualitycrops:kelp_gold":2,"sophisticatedbackpacks:backpack":1,"minecraft:porkchop":8,"farmersdelight:tomato_seeds":12,"minecraft:cookie":1,"qualitycrops:kelp_iron":1,"minecraft:orange_bed":3,"minecraft:arrow":5,"minecraft:rotten_flesh":4,"minecraft:shears":1,"alexsmobs:emu_egg":3,"chococraft:chocobo_drumstick_raw":1,"paraglider:horned_statue":1,"minecraft:mutton":7,"minecraft:white_wool":2,"minecraft:iron_bars":2,"minecraft:skeleton_skull":1,"alexsmobs:kangaroo_meat":5,"alexsmobs:flying_fish":1,"minecraft:cobblestone":8,"minecraft:leather_chestplate":1,"minecraft:salmon":1,"minecraft:water_bucket":1,"minecraft:andesite":1,"minecraft:leather":5,"alexsmobs:acacia_blossom":1,"minecraft:potato":9,"paraglider:spirit_orb":2,"chococraft:chocobo_saddle":2,"minecraft:oak_log":13,"minecraft:golden_boots":1,"minecraft:lapis_lazuli":4,"farmersdelight:tomato":23,"minecraft:dirt":16,"minecraft:lantern":1,"chococraft:chocobo_feather":9,"minecraft:bone":6,"farmersdelight:cooking_pot":3,"minecraft:acacia_planks":2,"chococraft:gysahl_green":17,"minecraft:apple":3,"iceandfire:pixie_jar_empty":2,"chococraft:gold_gysahl":2,"minecraft:kelp":9,"minecraft:bow":1,"minecraft:wheat_seeds":156,"iceandfire:dragon_stick":1,"minecraft:stone_pickaxe":1,"minecraft:rabbit":3,"tombstone:scroll_of_frost_resistance":2,"minecraft:iron_sword":3,"minecraft:acacia_sapling":3,"minecraft:pink_bed":1,"minecraft:pumpkin":9,"iceandfire:ash":3,"minecraft:oak_pressure_plate":2,"minecraft:sand":6,"chococraft:gysahl_green_seeds":5,"minecraft:acacia_stairs":1,"minecraft:bundle":1,"alexsmobs:kangaroo_hide":8,"tombstone:scroll_of_knowledge":1,"waystones:waystone":1,"tombstone:tablet_of_recall":1,"minecraft:iron_helmet":2,"minecraft:bread":36,"biomesoplenty:pink_daffodil":1,"minecraft:coal":4},"minecraft:mined":{"iceandfire:graveyard_soil":1,"minecraft:pink_bed":1,"biomesoplenty:desert_grass":6,"minecraft:allium":1,"biomesoplenty:bush":1,"minecraft:acacia_log":8,"minecraft:grass_block":5,"minecraft:decorated_pot":1,"farmersdelight:tomatoes":12,"minecraft:kelp":8,"minecraft:spawner":1,"minecraft:tall_seagrass":1,"minecraft:iron_ore":13,"minecraft:acacia_stairs":1,"minecraft:andesite":2,"minecraft:pumpkin":9,"chococraft:gysahl_green":5,"biomesoplenty:high_grass":17,"iceandfire:gold_pile":14,"minecraft:iron_bars":2,"minecraft:lantern":1,"minecraft:stone":5,"minecraft:orange_bed":2,"iceandfire:pixie_jar_empty":2,"farmersdelight:cooking_pot":1,"minecraft:kelp_plant":1,"minecraft:torch":1,"minecraft:rose_bush":1,"minecraft:campfire":4,"biomesoplenty:high_grass_plant":30,"farmersdelight:cabbages":13,"minecraft:tall_grass":11,"biomesoplenty:sprout":1,"minecraft:sugar_cane":7,"supplementaries:urn":1,"minecraft:seagrass":1,"valhelsia_structures:bone_pile":2,"amendments:directional_cake":1,"paraglider:horned_statue":1,"minecraft:wheat":51,"biomesoplenty:pink_daffodil":1,"minecraft:grass":45,"biomesoplenty:clover":4,"minecraft:oak_log":11,"minecraft:coal_ore":4,"minecraft:sand":6,"minecraft:acacia_fence":1,"minecraft:cobweb":1,"minecraft:acacia_planks":1},"minecraft:broken":{"minecraft:golden_boots":1},"minecraft:dropped":{"minecraft:water_bucket":2,"minecraft:bread":3,"minecraft:iron_sword":3,"minecraft:porkchop":2,"minecraft:wheat_seeds":4,"minecraft:cookie":1,"iceandfire:dragon_stick":1,"minecraft:leather":4,"minecraft:stick":2,"alexsmobs:kangaroo_burger":2,"minecraft:torch":1,"minecraft:rabbit":1,"tombstone:scroll_of_frost_resistance":1,"iceandfire:ash":2,"minecraft:orange_bed":1,"minecraft:white_wool":2,"minecraft:acacia_planks":1,"farmersdelight:rotten_tomato":1,"alexsmobs:gazelle_horn":1,"minecraft:wheat":17,"minecraft:white_carpet":1,"farmersdelight:tomato_sauce":1,"minecraft:oak_planks":6,"minecraft:shears":1,"alexsmobs:kangaroo_hide":4,"minecraft:allium":3,"minecraft:skeleton_skull":1,"minecraft:acacia_sapling":3,"iceandfire:bestiary":1,"chococraft:chocobo_saddle":2,"minecraft:stone_pickaxe":1,"minecraft:beef":1,"minecraft:wooden_pickaxe":1,"farmersdelight:tomato":1,"minecraft:brick":5,"minecraft:egg":1}},"DataVersion":3465}