{"stats":{"minecraft:mined":{"iceandfire:graveyard_soil":1,"minecraft:pink_bed":1,"biomesoplenty:desert_grass":6,"minecraft:allium":1,"biomesoplenty:bush":3,"minecraft:acacia_log":8,"minecraft:grass_block":5,"minecraft:decorated_pot":1,"iceandfire:pixie_house_oak":1,"farmersdelight:tomatoes":12,"minecraft:kelp":8,"minecraft:spawner":1,"minecraft:tall_seagrass":1,"minecraft:iron_ore":13,"minecraft:acacia_stairs":1,"minecraft:andesite":2,"minecraft:pumpkin":9,"chococraft:gysahl_green":5,"biomesoplenty:high_grass":19,"iceandfire:gold_pile":14,"minecraft:iron_bars":2,"minecraft:lantern":1,"minecraft:stone":5,"minecraft:orange_bed":3,"iceandfire:pixie_jar_empty":2,"farmersdelight:cooking_pot":1,"valhelsia_structures:glazed_jar":1,"valhelsia_structures:stone":1,"valhelsia_structures:explorers_tent":1,"minecraft:kelp_plant":1,"biomesoplenty:wildflower":1,"minecraft:torch":1,"iceandfire:pixie_house_mushroom_brown":2,"minecraft:rose_bush":1,"supplementaries:wild_flax":3,"minecraft:campfire":4,"biomesoplenty:high_grass_plant":30,"farmersdelight:cabbages":13,"valhelsia_structures:big_cyan_glazed_jar":1,"minecraft:tall_grass":11,"biomesoplenty:sprout":1,"minecraft:sugar_cane":7,"supplementaries:urn":1,"minecraft:seagrass":1,"valhelsia_structures:bone_pile":2,"farmersdelight:cutting_board":1,"amendments:directional_cake":1,"paraglider:horned_statue":1,"minecraft:wheat":58,"biomesoplenty:pink_daffodil":1,"iceandfire:pixie_house_mushroom_red":1,"minecraft:grass":52,"biomesoplenty:clover":4,"minecraft:oak_log":13,"minecraft:coal_ore":4,"minecraft:dirt":5,"minecraft:acacia_fence":1,"minecraft:sand":6,"minecraft:cobweb":1,"minecraft:acacia_planks":1,"minecraft:fern":1,"biomesoplenty:reed":7},"minecraft:dropped":{"minecraft:water_bucket":2,"minecraft:iron_ingot":3,"minecraft:bread":3,"minecraft:iron_sword":3,"minecraft:porkchop":2,"minecraft:wheat_seeds":12,"minecraft:cookie":1,"iceandfire:dragon_stick":1,"minecraft:leather":4,"minecraft:stick":4,"alexsmobs:kangaroo_burger":2,"minecraft:torch":1,"minecraft:rabbit":1,"tombstone:scroll_of_frost_resistance":1,"iceandfire:ash":2,"minecraft:orange_bed":1,"minecraft:white_wool":2,"minecraft:acacia_planks":1,"farmersdelight:pasta_with_meatballs":1,"farmersdelight:rotten_tomato":1,"alexsmobs:gazelle_horn":1,"minecraft:wheat":17,"minecraft:white_carpet":1,"farmersdelight:tomato_sauce":1,"minecraft:oak_planks":6,"minecraft:shears":1,"alexsmobs:kangaroo_hide":4,"minecraft:allium":3,"minecraft:skeleton_skull":1,"minecraft:acacia_sapling":3,"iceandfire:bestiary":1,"chococraft:chocobo_saddle":2,"minecraft:beef":2,"minecraft:stone_pickaxe":1,"minecraft:wooden_pickaxe":1,"farmersdelight:tomato":1,"farmersdelight:iron_knife":1,"minecraft:brick":5,"minecraft:egg":1},"minecraft:crafted":{"minecraft:oak_planks":40,"chococraft:chocobo_drumstick_cooked":1,"farmersdelight:pasta_with_meatballs":1,"minecraft:pink_bed":1,"minecraft:pink_dye":1,"minecraft:cooked_mutton":8,"minecraft:glass":6,"minecraft:leather":2,"farmersdelight:tomato_sauce":3,"minecraft:chest":1,"alexsmobs:kangaroo_burger":2,"minecraft:magenta_dye":1,"qualitysdelight:tomato_sauce_iron":1,"minecraft:magenta_bed":1,"minecraft:crafting_table":3,"farmersdelight:iron_knife":1,"minecraft:wooden_pickaxe":1,"alexsmobs:cooked_kangaroo_meat":2,"minecraft:iron_sword":2,"minecraft:bowl":4,"alexsmobs:boiled_emu_egg":1,"farmersdelight:wheat_dough":3,"farmersdelight:cutting_board":2,"minecraft:oak_boat":2,"minecraft:stick":16,"minecraft:iron_ingot":20,"minecraft:wooden_axe":1,"minecraft:iron_shovel":1,"chococraft:chocobo_saddle":2,"minecraft:acacia_planks":32,"minecraft:shears":1,"minecraft:brick":4},"minecraft:custom":{"minecraft:interact_with_smithing_table":1,"minecraft:mob_kills":29,"minecraft:animals_bred":5,"minecraft:interact_with_crafting_table":23,"minecraft:open_barrel":4,"minecraft:bell_ring":12,"minecraft:eat_cake_slice":8,"minecraft:leave_game":11,"minecraft:time_since_death":4060,"minecraft:climb_one_cm":811,"minecraft:sprint_one_cm":459034,"minecraft:walk_one_cm":1365408,"minecraft:drop":87,"minecraft:talked_to_villager":14,"minecraft:play_time":438013,"minecraft:sneak_time":9563,"minecraft:deaths":11,"minecraft:walk_under_water_one_cm":56241,"minecraft:jump":3977,"minecraft:walk_on_water_one_cm":103936,"minecraft:total_world_time":438013,"minecraft:interact_with_furnace":21,"tombstone:raider_killed":6,"minecraft:sleep_in_bed":21,"minecraft:waystone_activated":2,"minecraft:time_since_rest":3252,"minecraft:damage_taken":4837,"minecraft:trigger_trapped_chest":1,"minecraft:damage_dealt":4778,"tombstone:cast_on_ally":0,"minecraft:swim_one_cm":102694,"minecraft:fly_one_cm":491228,"minecraft:open_chest":96,"minecraft:crouch_one_cm":12527,"tombstone:undead_killed":5,"minecraft:interact_with_smoker":1,"minecraft:fall_one_cm":80606},"minecraft:broken":{"minecraft:golden_boots":1,"minecraft:leather_chestplate":1},"minecraft:picked_up":{"qualitycrops:wheat_gold":1,"minecraft:charcoal":8,"minecraft:iron_chestplate":1,"minecraft:wheat":74,"minecraft:allium":3,"iceandfire:pixie_house_oak":1,"minecraft:leather_leggings":1,"minecraft:lead":5,"minecraft:wooden_pickaxe":1,"farmersdelight:tomato_sauce":1,"minecraft:brick":9,"farmersdelight:cutting_board":1,"alexsmobs:gazelle_horn":1,"minecraft:string":4,"qualitycrops:wheat_diamond":2,"qualitysdelight:tomato_iron":2,"minecraft:iron_leggings":2,"minecraft:item_frame":1,"minecraft:armor_stand":2,"minecraft:white_carpet":2,"minecraft:experience_bottle":3,"iceandfire:graveyard_soil":2,"iceandfire:bestiary":2,"minecraft:gold_nugget":52,"minecraft:bucket":1,"farmersdelight:cabbage":8,"minecraft:beef":5,"farmersdelight:straw":1,"minecraft:oak_boat":2,"minecraft:rose_bush":1,"minecraft:cobblestone_slab":1,"biomesoplenty:wildflower":1,"minecraft:sugar_cane":20,"valhelsia_structures:light_gray_sleeping_bag":1,"farmersdelight:cabbage_seeds":29,"minecraft:egg":4,"minecraft:stick":4,"minecraft:raw_iron":13,"minecraft:acacia_fence":3,"farmersdelight:rotten_tomato":1,"iceandfire:pixie_house_mushroom_brown":2,"farmersdelight:minced_beef":2,"minecraft:acacia_log":8,"minecraft:torch":4,"minecraft:bowl":3,"qualitycrops:kelp_gold":2,"sophisticatedbackpacks:backpack":1,"minecraft:porkchop":8,"farmersdelight:tomato_seeds":12,"minecraft:cookie":1,"qualitycrops:kelp_iron":1,"valhelsia_structures:explorers_tent":1,"minecraft:orange_bed":4,"minecraft:arrow":5,"minecraft:rotten_flesh":4,"minecraft:shears":1,"alexsmobs:emu_egg":6,"chococraft:chocobo_drumstick_raw":1,"paraglider:horned_statue":1,"farmersdelight:raw_pasta":1,"minecraft:mutton":7,"minecraft:white_wool":2,"minecraft:iron_bars":2,"minecraft:skeleton_skull":1,"alexsmobs:kangaroo_meat":5,"alexsmobs:flying_fish":1,"minecraft:cobblestone":9,"minecraft:leather_chestplate":1,"minecraft:salmon":1,"minecraft:water_bucket":1,"minecraft:andesite":1,"minecraft:leather":5,"alexsmobs:acacia_blossom":1,"minecraft:potato":9,"paraglider:spirit_orb":2,"chococraft:chocobo_saddle":2,"minecraft:oak_log":15,"supplementaries:flax_seeds":3,"minecraft:golden_boots":1,"minecraft:lapis_lazuli":4,"farmersdelight:tomato":23,"minecraft:dirt":21,"minecraft:lantern":1,"iceandfire:pixie_house_mushroom_red":1,"chococraft:chocobo_feather":9,"farmersdelight:iron_knife":1,"minecraft:bone":6,"minecraft:acacia_planks":2,"chococraft:gysahl_green":17,"farmersdelight:cooking_pot":3,"minecraft:apple":3,"iceandfire:pixie_jar_empty":2,"chococraft:gold_gysahl":2,"minecraft:kelp":9,"minecraft:bow":1,"minecraft:wheat_seeds":205,"iceandfire:dragon_stick":1,"minecraft:stone_pickaxe":1,"minecraft:cobweb":2,"minecraft:rabbit":3,"tombstone:scroll_of_frost_resistance":2,"minecraft:iron_sword":3,"minecraft:acacia_sapling":3,"minecraft:pink_bed":1,"minecraft:pumpkin":9,"iceandfire:ash":3,"minecraft:oak_pressure_plate":2,"minecraft:sand":6,"chococraft:gysahl_green_seeds":5,"minecraft:acacia_stairs":1,"minecraft:bundle":1,"alexsmobs:kangaroo_hide":8,"qualitycrops:wheat_iron":2,"tombstone:scroll_of_knowledge":1,"waystones:waystone":1,"tombstone:tablet_of_recall":1,"minecraft:iron_helmet":2,"minecraft:crossbow":2,"minecraft:bread":36,"biomesoplenty:pink_daffodil":1,"minecraft:coal":4},"minecraft:killed":{"minecraft:spider":1,"minecraft:skeleton":3,"alexsmobs:kangaroo":3,"alexsmobs:flying_fish":1,"minecraft:pig":3,"minecraft:sheep":1,"minecraft:pillager":6,"minecraft:zombie":1,"iceandfire:ghost":1,"alexsmobs:terrapin":2,"alexsmobs:gazelle":1,"minecraft:cow":3,"chococraft:chocobo":1},"minecraft:killed_by":{"minecraft:creeper":2,"minecraft:pillager":1,"iceandfire:ghost":1,"iceandfire:cockatrice":1,"iceandfire:fire_dragon":4},"minecraft:used":{"alexsmobs:emu_egg":3,"minecraft:iron_bars":2,"minecraft:iron_shovel":35,"minecraft:armor_stand":1,"tombstone:scroll_of_frost_resistance":3,"farmersdelight:cabbage_seeds":18,"minecraft:chest":1,"iceandfire:pixie_house_mushroom_brown":1,"minecraft:iron_sword":146,"minecraft:orange_bed":1,"minecraft:torch":6,"minecraft:dirt":21,"chococraft:chocobo_drumstick_cooked":1,"minecraft:white_carpet":1,"paraglider:horned_statue":1,"farmersdelight:tomato":1,"minecraft:item_frame":2,"farmersdelight:tomato_sauce":2,"farmersdelight:cutting_board":3,"alexsmobs:boiled_emu_egg":1,"farmersdelight:cooking_pot":3,"minecraft:acacia_fence":2,"minecraft:egg":3,"tombstone:gift":4,"minecraft:potato":18,"minecraft:acacia_planks":4,"iceandfire:pixie_jar_empty":2,"minecraft:cooked_mutton":2,"minecraft:wheat_seeds":44,"farmersdelight:iron_knife":117,"tombstone:scroll_of_knowledge":2,"minecraft:leather_leggings":2,"minecraft:stone_pickaxe":36,"minecraft:wooden_pickaxe":44,"minecraft:salmon":1,"minecraft:crafting_table":3,"minecraft:magenta_bed":1,"alexsmobs:flying_fish":1,"waystones:waystone":1,"minecraft:apple":3,"minecraft:acacia_stairs":1,"minecraft:bread":31,"iceandfire:graveyard_soil":2,"tombstone:magic_scroll":1,"minecraft:oak_pressure_plate":2,"iceandfire:ash":1,"minecraft:pink_bed":2,"minecraft:cobblestone":8,"minecraft:porkchop":3,"minecraft:andesite":1,"minecraft:bucket":1,"qualitysdelight:tomato_sauce_iron":1,"chococraft:gysahl_green":7,"minecraft:oak_boat":3,"alexsmobs:animal_dictionary":6,"minecraft:experience_bottle":3,"tombstone:scroll_of_unstable_intangibility":1}},"DataVersion":3465}