{"stats":{"minecraft:killed":{"minecraft:spider":1,"minecraft:skeleton":3,"alexsmobs:kangaroo":3,"minecraft:pig":3,"minecraft:sheep":1,"minecraft:pillager":6,"minecraft:zombie":1,"alexsmobs:terrapin":2,"minecraft:cow":3,"chococraft:chocobo":1,"iceandfire:fire_dragon":3,"alexsmobs:flying_fish":1,"minecraft:husk":32,"iceandfire:ghost":1,"alexsmobs:gazelle":1},"minecraft:mined":{"valhelsia_structures:light_gray_sleeping_bag":1,"iceandfire:graveyard_soil":1,"minecraft:pink_bed":1,"minecraft:acacia_log":8,"minecraft:grass_block":5,"iceandfire:lectern":1,"iceandfire:pixie_house_oak":1,"minecraft:composter":1,"minecraft:spawner":1,"minecraft:tall_seagrass":1,"minecraft:iron_ore":13,"minecraft:fire":3,"minecraft:pumpkin":11,"chococraft:gysahl_green":5,"iceandfire:gold_pile":15,"minecraft:iron_bars":2,"minecraft:spruce_slab":1,"minecraft:orange_bed":3,"valhelsia_structures:glazed_jar":1,"valhelsia_structures:explorers_tent":1,"minecraft:kelp_plant":5,"biomesoplenty:wildflower":1,"minecraft:torch":1,"supplementaries:wild_flax":3,"farmersdelight:cabbages":13,"minecraft:sugar_cane":7,"minecraft:wall_torch":3,"minecraft:seagrass":2,"valhelsia_structures:bone_pile":3,"amendments:directional_cake":1,"paraglider:horned_statue":1,"farmersdelight:cutting_board":1,"minecraft:wheat":58,"minecraft:grass":56,"biomesoplenty:clover":4,"minecraft:oak_log":13,"minecraft:acacia_fence":1,"minecraft:sand":6,"minecraft:dirt":5,"biomesoplenty:reed":7,"biomesoplenty:desert_grass":7,"biomesoplenty:bush":4,"minecraft:allium":1,"minecraft:decorated_pot":1,"farmersdelight:tomatoes":12,"minecraft:kelp":11,"minecraft:hay_block":7,"minecraft:acacia_stairs":1,"minecraft:andesite":2,"biomesoplenty:high_grass":19,"minecraft:lantern":1,"minecraft:stone":5,"farmersdelight:cooking_pot":2,"iceandfire:pixie_jar_empty":2,"valhelsia_structures:stone":1,"minecraft:scaffolding":2,"iceandfire:pixie_house_mushroom_brown":2,"minecraft:rose_bush":1,"minecraft:campfire":5,"biomesoplenty:high_grass_plant":30,"minecraft:tall_grass":11,"valhelsia_structures:big_cyan_glazed_jar":1,"biomesoplenty:sprout":1,"supplementaries:urn":1,"betterarcheology:loot_vase_creeper":3,"biomesoplenty:pink_daffodil":1,"iceandfire:pixie_house_mushroom_red":1,"iceandfire:ash":8,"minecraft:coal_ore":4,"minecraft:cobweb":1,"minecraft:acacia_planks":1,"minecraft:fern":1},"minecraft:dropped":{"farmersdelight:iron_knife":1,"minecraft:iron_sword":6,"minecraft:porkchop":2,"minecraft:diamond":5,"minecraft:crafting_table":2,"minecraft:crossbow":1,"minecraft:cookie":1,"iceandfire:fire_dragon_flesh":2,"minecraft:leather":4,"qualitycrops:wheat_diamond":1,"alexsmobs:kangaroo_burger":2,"iceandfire:chared_gravel":14,"minecraft:sand":4,"tombstone:scroll_of_frost_resistance":2,"iceandfire:ash":30,"minecraft:iron_pickaxe":1,"iceandfire:armor_gray_helmet":1,"minecraft:white_wool":2,"minecraft:gold_ingot":1,"alexsmobs:gazelle_horn":1,"minecraft:wheat":17,"qualitycrops:kelp_iron":6,"minecraft:oak_planks":6,"minecraft:cooked_mutton":5,"minecraft:carrot":20,"alexsmobs:kangaroo_hide":4,"supplementaries:flax_seeds":1,"supplementaries:ash":15,"qualitycrops:wheat_gold":2,"minecraft:skeleton_skull":1,"iceandfire:tide_green_helmet":1,"minecraft:leather_boots":1,"minecraft:acacia_sapling":3,"iceandfire:bestiary":2,"chococraft:chocobo_saddle":2,"minecraft:spruce_slab":1,"minecraft:beef":2,"minecraft:scaffolding":22,"minecraft:written_book":1,"iceandfire:manuscript":9,"qualitycrops:kelp_gold":1,"minecraft:egg":1,"minecraft:water_bucket":2,"minecraft:iron_ingot":4,"minecraft:bread":51,"minecraft:wheat_seeds":12,"minecraft:golden_horse_armor":1,"minecraft:cobblestone":1,"iceandfire:dragon_stick":1,"minecraft:coal":56,"minecraft:golden_apple":2,"minecraft:stick":4,"qualitycrops:bread_iron":4,"minecraft:cobweb":13,"tombstone:magic_scroll":3,"minecraft:torch":5,"tombstone:grave_key":1,"minecraft:rabbit":1,"tombstone:grave_dust":3,"minecraft:iron_axe":1,"minecraft:orange_bed":1,"minecraft:iron_shovel":1,"minecraft:acacia_planks":1,"farmersdelight:pasta_with_meatballs":1,"farmersdelight:rotten_tomato":1,"tombstone:familiar_stone":1,"minecraft:kelp":16,"minecraft:white_carpet":1,"farmersdelight:tomato_sauce":1,"minecraft:iron_boots":2,"qualitycrops:bread_diamond":1,"sophisticatedbackpacks:backpack":2,"qualitycrops:kelp_diamond":1,"minecraft:shears":1,"alexsmobs:cooked_kangaroo_meat":1,"minecraft:suspicious_stew":1,"minecraft:potato":2,"supplementaries:quiver":2,"iceandfire:armor_gray_chestplate":1,"minecraft:allium":3,"iceandfire:rotten_egg":1,"minecraft:bundle":7,"minecraft:diamond_pickaxe":1,"minecraft:bow":1,"minecraft:stone_pickaxe":1,"minecraft:wooden_pickaxe":1,"farmersdelight:tomato":1,"minecraft:brick":5,"sophisticatedbackpacks:iron_backpack":1},"minecraft:broken":{"minecraft:golden_boots":1,"minecraft:iron_leggings":1,"minecraft:chainmail_boots":1,"minecraft:chainmail_helmet":1,"minecraft:leather_chestplate":1,"minecraft:leather_boots":1},"minecraft:custom":{"minecraft:animals_bred":5,"minecraft:interact_with_crafting_table":28,"minecraft:open_barrel":18,"minecraft:bell_ring":12,"minecraft:eat_cake_slice":19,"minecraft:leave_game":12,"minecraft:time_since_death":7725,"minecraft:sprint_one_cm":567674,"minecraft:damage_blocked_by_shield":490,"minecraft:drop":194,"minecraft:talked_to_villager":15,"minecraft:play_time":651411,"minecraft:deaths":33,"minecraft:jump":5627,"minecraft:walk_on_water_one_cm":154891,"minecraft:interact_with_furnace":23,"minecraft:sleep_in_bed":27,"minecraft:waystone_activated":4,"tombstone:sneak_grave":1,"minecraft:damage_dealt":13440,"minecraft:crouch_one_cm":17933,"tombstone:undead_killed":37,"minecraft:interact_with_smoker":1,"minecraft:interact_with_smithing_table":1,"minecraft:mob_kills":65,"minecraft:damage_dealt_resisted":39,"minecraft:climb_one_cm":4363,"minecraft:walk_one_cm":2077724,"minecraft:sneak_time":12907,"minecraft:walk_under_water_one_cm":155219,"minecraft:interact_with_lectern":11,"minecraft:boat_one_cm":218098,"minecraft:interact_with_blast_furnace":2,"minecraft:total_world_time":651411,"tombstone:raider_killed":6,"minecraft:time_since_rest":7271,"minecraft:damage_taken":11687,"minecraft:trigger_trapped_chest":3,"tombstone:cast_on_ally":1,"minecraft:swim_one_cm":155899,"minecraft:fly_one_cm":752167,"minecraft:open_chest":168,"minecraft:fall_one_cm":120045},"minecraft:picked_up":{"minecraft:iron_chestplate":1,"qualitycrops:wheat_gold":3,"minecraft:wheat":83,"minecraft:flower_pot":1,"minecraft:suspicious_stew":1,"minecraft:lead":5,"minecraft:stone_brick_stairs":2,"tombstone:grave_key":1,"iceandfire:manuscript":3,"farmersdelight:cutting_board":1,"alexsmobs:gazelle_horn":1,"minecraft:string":4,"qualitysdelight:tomato_iron":2,"minecraft:iron_leggings":2,"minecraft:armor_stand":2,"minecraft:experience_bottle":3,"minecraft:cobbled_deepslate":1,"minecraft:gold_nugget":196,"farmersdelight:cabbage":8,"minecraft:bucket":1,"minecraft:written_book":1,"minecraft:rose_bush":1,"minecraft:cobblestone_slab":1,"minecraft:iron_pickaxe":1,"valhelsia_structures:light_gray_sleeping_bag":2,"iceandfire:dragonscales_red":10,"farmersdelight:cabbage_seeds":29,"minecraft:iron_boots":2,"minecraft:stick":4,"minecraft:acacia_fence":3,"farmersdelight:rotten_tomato":1,"minecraft:composter":1,"minecraft:oak_fence":1,"minecraft:torch":15,"minecraft:acacia_log":35,"iceandfire:pixie_house_mushroom_brown":2,"minecraft:porkchop":8,"minecraft:golden_axe":1,"tombstone:grave_dust":13,"qualitycrops:kelp_iron":7,"minecraft:golden_chestplate":1,"minecraft:yellow_banner":1,"minecraft:orange_bed":4,"minecraft:rotten_flesh":21,"iceandfire:fire_dragon_heart":2,"alexsmobs:emu_egg":6,"supplementaries:ash":15,"supplementaries:quiver":2,"chococraft:chocobo_drumstick_raw":1,"farmersdelight:raw_pasta":1,"minecraft:iron_bars":2,"alexsmobs:flying_fish":1,"minecraft:cobblestone":11,"minecraft:leather_chestplate":1,"minecraft:water_bucket":1,"minecraft:andesite":1,"minecraft:potato":11,"paraglider:spirit_orb":8,"supplementaries:flax_seeds":4,"iceandfire:dragonscales_bronze":8,"minecraft:lapis_lazuli":4,"farmersdelight:tomato":23,"minecraft:dirt":21,"minecraft:lantern":1,"minecraft:bone":27,"qualitycrops:kelp_diamond":1,"farmersdelight:iron_knife":1,"minecraft:acacia_planks":2,"minecraft:bow":2,"minecraft:wheat_seeds":208,"iceandfire:armor_gray_chestplate":1,"minecraft:rabbit":3,"minecraft:oak_planks":8,"minecraft:oak_pressure_plate":2,"iceandfire:dragon_skull_fire":2,"minecraft:sand":10,"sophisticatedbackpacks:iron_backpack":1,"minecraft:acacia_stairs":1,"minecraft:bundle":8,"alexsmobs:kangaroo_hide":8,"qualitycrops:wheat_iron":2,"tombstone:familiar_stone":1,"minecraft:diamond":5,"iceandfire:lectern":1,"waystones:waystone":2,"minecraft:miner_pottery_sherd":1,"tombstone:tablet_of_recall":1,"minecraft:crossbow":2,"minecraft:bone_meal":3,"minecraft:golden_apple":2,"minecraft:bread":84,"minecraft:blue_banner":1,"biomesoplenty:pink_daffodil":1,"minecraft:oak_sapling":1,"minecraft:oak_leaves":4,"minecraft:diamond_pickaxe":1,"minecraft:charcoal":8,"minecraft:crafting_table":3,"minecraft:allium":3,"iceandfire:pixie_house_oak":1,"minecraft:leather_leggings":2,"minecraft:wooden_pickaxe":1,"farmersdelight:tomato_sauce":1,"minecraft:chain":4,"minecraft:brick":9,"iceandfire:armor_gray_helmet":1,"qualitycrops:wheat_diamond":3,"minecraft:iron_axe":1,"minecraft:white_carpet":2,"minecraft:item_frame":1,"minecraft:iron_shovel":1,"iceandfire:graveyard_soil":2,"iceandfire:bestiary":4,"minecraft:beef":5,"farmersdelight:straw":1,"minecraft:oak_boat":2,"minecraft:spruce_slab":1,"biomesoplenty:wildflower":1,"minecraft:sugar_cane":20,"minecraft:egg":4,"minecraft:raw_iron":13,"minecraft:sandstone":3,"iceandfire:dragonbone":22,"farmersdelight:minced_beef":2,"minecraft:bowl":4,"qualitycrops:kelp_gold":3,"sophisticatedbackpacks:backpack":3,"farmersdelight:tomato_seeds":12,"qualitycrops:bread_diamond":1,"minecraft:cookie":1,"minecraft:carrot":23,"valhelsia_structures:explorers_tent":1,"minecraft:arrow":5,"iceandfire:chared_dirt":11,"minecraft:shears":1,"iceandfire:tide_green_helmet":3,"minecraft:hay_block":7,"minecraft:gold_ingot":1,"paraglider:horned_statue":1,"minecraft:mutton":7,"minecraft:skeleton_skull":1,"alexsmobs:kangaroo_meat":5,"minecraft:white_wool":2,"minecraft:salmon":1,"minecraft:cut_sandstone":1,"minecraft:leather":5,"alexsmobs:acacia_blossom":1,"chococraft:chocobo_saddle":2,"minecraft:oak_log":16,"minecraft:golden_boots":1,"iceandfire:pixie_house_mushroom_red":1,"minecraft:cooked_mutton":5,"chococraft:chocobo_feather":12,"chococraft:gold_gysahl":2,"iceandfire:pixie_jar_empty":2,"chococraft:gysahl_green":17,"minecraft:apple":3,"farmersdelight:cooking_pot":4,"minecraft:kelp":25,"iceandfire:dragon_stick":1,"minecraft:stone_pickaxe":1,"minecraft:iron_ingot":22,"minecraft:cobweb":18,"tombstone:bag_of_seeds":1,"minecraft:iron_sword":6,"tombstone:scroll_of_frost_resistance":3,"iceandfire:fire_dragon_flesh":6,"minecraft:acacia_sapling":3,"minecraft:scaffolding":28,"minecraft:pink_bed":1,"minecraft:oak_slab":1,"minecraft:pumpkin":11,"iceandfire:ash":43,"qualitycrops:bread_iron":4,"chococraft:gysahl_green_seeds":5,"minecraft:pumpkin_seeds":3,"tombstone:scroll_of_knowledge":1,"minecraft:iron_helmet":2,"minecraft:birch_sign":39,"tombstone:magic_scroll":2,"iceandfire:chared_gravel":28,"minecraft:coal":60},"minecraft:used":{"alexsmobs:emu_egg":4,"iceandfire:lectern":1,"minecraft:iron_shovel":35,"farmersdelight:cabbage_seeds":18,"minecraft:chest":1,"minecraft:shield":49,"iceandfire:pixie_house_mushroom_brown":1,"minecraft:iron_sword":380,"chococraft:chocobo_drumstick_cooked":1,"minecraft:carrot":7,"farmersdelight:tomato":11,"minecraft:item_frame":2,"farmersdelight:tomato_sauce":2,"minecraft:golden_sword":1,"farmersdelight:cutting_board":3,"minecraft:bow":167,"minecraft:hay_block":7,"minecraft:written_book":6,"minecraft:oak_sapling":1,"minecraft:acacia_fence":2,"minecraft:egg":3,"minecraft:potato":18,"iceandfire:pixie_jar_empty":2,"minecraft:leather_leggings":2,"minecraft:stone_pickaxe":36,"minecraft:oak_planks":8,"minecraft:wooden_pickaxe":57,"minecraft:sandstone":3,"minecraft:composter":1,"minecraft:pumpkin_seeds":3,"waystones:waystone":1,"minecraft:bread":45,"minecraft:oak_pressure_plate":2,"minecraft:diamond_sword":105,"iceandfire:pixie_house_mushroom_red":1,"minecraft:andesite":1,"chococraft:gysahl_green":7,"minecraft:oak_boat":4,"qualitysdelight:tomato_sauce_iron":1,"minecraft:experience_bottle":3,"minecraft:oak_fence":1,"minecraft:iron_bars":2,"minecraft:armor_stand":1,"tombstone:scroll_of_frost_resistance":3,"valhelsia_structures:light_gray_sleeping_bag":2,"minecraft:orange_bed":1,"minecraft:torch":12,"minecraft:dirt":21,"minecraft:white_carpet":1,"alexsmobs:cooked_kangaroo_meat":2,"paraglider:horned_statue":1,"valhelsia_structures:explorers_tent":1,"iceandfire:tide_green_helmet":1,"farmersdelight:cooking_pot":4,"tombstone:gift":10,"minecraft:cobbled_deepslate":1,"minecraft:acacia_planks":22,"minecraft:pumpkin":11,"alexsmobs:boiled_emu_egg":1,"minecraft:wheat_seeds":108,"minecraft:cooked_mutton":2,"farmersdelight:iron_knife":117,"minecraft:acacia_boat":1,"tombstone:scroll_of_knowledge":2,"farmersdelight:skillet":2,"minecraft:cut_sandstone":1,"minecraft:salmon":1,"minecraft:crafting_table":4,"minecraft:magenta_bed":1,"minecraft:birch_sign":1,"minecraft:book":2,"tombstone:bag_of_seeds":2,"alexsmobs:flying_fish":1,"minecraft:acacia_stairs":1,"minecraft:apple":3,"iceandfire:graveyard_soil":2,"tombstone:magic_scroll":1,"iceandfire:ash":1,"minecraft:pink_bed":2,"minecraft:cobblestone":9,"minecraft:porkchop":3,"minecraft:bucket":1,"alexsmobs:animal_dictionary":6,"tombstone:scroll_of_unstable_intangibility":2},"minecraft:killed_by":{"minecraft:creeper":2,"iceandfire:siren":1,"minecraft:pillager":1,"minecraft:zombie":1,"iceandfire:fire_dragon":16,"minecraft:husk":4,"iceandfire:hippogryph":1,"iceandfire:ghost":1,"iceandfire:cockatrice":1},"minecraft:crafted":{"minecraft:brick":4,"minecraft:oak_planks":44,"minecraft:pink_bed":1,"minecraft:cooked_mutton":8,"minecraft:glass":6,"farmersdelight:tomato_sauce":3,"minecraft:chest":1,"minecraft:magenta_dye":1,"minecraft:crafting_table":4,"farmersdelight:iron_knife":1,"minecraft:wooden_pickaxe":1,"farmersdelight:wheat_dough":3,"farmersdelight:skillet":1,"farmersdelight:cutting_board":2,"minecraft:stick":16,"minecraft:iron_ingot":54,"minecraft:shears":1,"chococraft:chocobo_drumstick_cooked":1,"farmersdelight:pasta_with_meatballs":1,"minecraft:pink_dye":1,"minecraft:leather":2,"alexsmobs:kangaroo_burger":2,"qualitysdelight:tomato_sauce_iron":1,"minecraft:magenta_bed":1,"alexsmobs:cooked_kangaroo_meat":5,"minecraft:iron_sword":2,"minecraft:bowl":4,"alexsmobs:boiled_emu_egg":1,"minecraft:acacia_boat":2,"minecraft:oak_boat":2,"iceandfire:bestiary":1,"minecraft:wooden_axe":1,"minecraft:iron_shovel":1,"chococraft:chocobo_saddle":2,"minecraft:acacia_planks":60}},"DataVersion":3465}