{"stats":{"minecraft:killed_by":{"minecraft:pillager":1},"minecraft:mined":{"minecraft:spruce_trapdoor":5,"minecraft:acacia_log":6,"minecraft:wheat":52,"minecraft:acacia_stairs":6,"minecraft:grass":3,"minecraft:dirt":7,"minecraft:acacia_planks":1,"minecraft:water":4},"minecraft:dropped":{"minecraft:salmon":1,"tombstone:grave_dust":1,"minecraft:red_tulip":1},"minecraft:used":{"minecraft:knowledge_book":1,"minecraft:wheat_seeds":13,"minecraft:leather_leggings":1,"minecraft:acacia_log":6,"minecraft:leather_chestplate":1,"minecraft:leather_boots":1,"minecraft:dirt":7,"minecraft:crafting_table":2,"minecraft:iron_hoe":20,"minecraft:acacia_stairs":8,"minecraft:leather_helmet":1,"minecraft:item_frame":2,"minecraft:bow":3,"tombstone:gift":2,"minecraft:acacia_planks":16,"minecraft:experience_bottle":1},"minecraft:picked_up":{"minecraft:leather_chestplate":1,"minecraft:charcoal":4,"qualitycrops:wheat_gold":8,"minecraft:wheat":101,"minecraft:chicken":4,"minecraft:salmon":2,"minecraft:leather_leggings":1,"minecraft:potato":4,"minecraft:enchanted_book":2,"qualitycrops:wheat_diamond":4,"minecraft:dirt":7,"minecraft:leather_boots":1,"minecraft:cooked_mutton":1,"minecraft:item_frame":2,"minecraft:experience_bottle":1,"minecraft:acacia_planks":2,"minecraft:apple":2,"minecraft:bow":1,"minecraft:wheat_seeds":212,"minecraft:iron_ingot":3,"minecraft:sugar_cane":3,"minecraft:spruce_trapdoor":5,"qualitycrops:sugar_cane_iron":1,"minecraft:tipped_arrow":3,"minecraft:acacia_log":17,"minecraft:spruce_stairs":1,"minecraft:porkchop":2,"minecraft:stone_button":1,"minecraft:cookie":1,"minecraft:acacia_stairs":6,"minecraft:leather_helmet":1,"minecraft:brown_carpet":1,"qualitycrops:wheat_iron":10,"minecraft:crossbow":1,"minecraft:red_tulip":1,"minecraft:spruce_sign":1,"minecraft:gold_ingot":1,"minecraft:bread":2,"minecraft:cod":2},"minecraft:custom":{"lootr:looted_stat":8,"minecraft:interact_with_furnace":7,"minecraft:mob_kills":1,"tombstone:raider_killed":1,"minecraft:interact_with_crafting_table":2,"minecraft:eat_cake_slice":6,"minecraft:time_since_death":20526,"minecraft:sleep_in_bed":1,"minecraft:time_since_rest":12177,"minecraft:sprint_one_cm":28971,"minecraft:damage_taken":505,"minecraft:walk_one_cm":196453,"minecraft:drop":3,"minecraft:damage_dealt":197,"minecraft:talked_to_villager":1,"minecraft:fly_one_cm":41646,"minecraft:open_chest":2,"minecraft:crouch_one_cm":188,"minecraft:play_time":36321,"minecraft:deaths":1,"minecraft:sneak_time":192,"minecraft:walk_under_water_one_cm":262,"minecraft:jump":452,"minecraft:walk_on_water_one_cm":4173,"minecraft:total_world_time":36321,"minecraft:fall_one_cm":13738},"minecraft:crafted":{"minecraft:cooked_cod":2,"minecraft:cooked_porkchop":2,"minecraft:crafting_table":2,"minecraft:acacia_stairs":4,"minecraft:stick":8,"minecraft:iron_ingot":4,"minecraft:acacia_planks":40},"minecraft:killed":{"minecraft:pillager":1}},"DataVersion":3465}