{"stats":{"minecraft:killed_by":{"minecraft:pillager":1},"minecraft:mined":{"minecraft:wheat":52,"minecraft:acacia_stairs":2,"minecraft:grass":3,"minecraft:water":4},"minecraft:dropped":{"minecraft:salmon":1},"minecraft:used":{"minecraft:knowledge_book":1,"minecraft:wheat_seeds":13,"minecraft:iron_hoe":12,"minecraft:leather_leggings":1,"minecraft:acacia_stairs":2,"minecraft:leather_helmet":1,"minecraft:leather_chestplate":1,"minecraft:leather_boots":1,"minecraft:item_frame":2,"minecraft:bow":3,"tombstone:gift":2,"minecraft:experience_bottle":1},"minecraft:picked_up":{"minecraft:tipped_arrow":3,"qualitycrops:wheat_gold":8,"minecraft:wheat":101,"minecraft:leather_leggings":1,"minecraft:salmon":2,"minecraft:porkchop":2,"minecraft:enchanted_book":2,"minecraft:cookie":1,"minecraft:acacia_stairs":2,"minecraft:leather_helmet":1,"qualitycrops:wheat_diamond":4,"minecraft:leather_boots":1,"minecraft:item_frame":2,"minecraft:experience_bottle":1,"qualitycrops:wheat_iron":10,"minecraft:apple":2,"minecraft:bow":1,"minecraft:wheat_seeds":212,"minecraft:crossbow":1,"minecraft:iron_ingot":3,"minecraft:red_tulip":1,"minecraft:gold_ingot":1,"minecraft:bread":2,"minecraft:sugar_cane":3,"minecraft:cod":2,"minecraft:leather_chestplate":1,"qualitycrops:sugar_cane_iron":1},"minecraft:custom":{"minecraft:time_since_rest":177,"minecraft:interact_with_furnace":6,"lootr:looted_stat":8,"minecraft:sprint_one_cm":28788,"minecraft:damage_taken":335,"minecraft:walk_one_cm":132407,"minecraft:mob_kills":1,"minecraft:drop":1,"tombstone:raider_killed":1,"minecraft:damage_dealt":197,"minecraft:talked_to_villager":1,"minecraft:fly_one_cm":41181,"minecraft:crouch_one_cm":188,"minecraft:play_time":24321,"minecraft:deaths":1,"minecraft:sneak_time":192,"minecraft:walk_under_water_one_cm":262,"minecraft:jump":329,"minecraft:eat_cake_slice":6,"minecraft:sleep_in_bed":1,"minecraft:walk_on_water_one_cm":3652,"minecraft:time_since_death":8526,"minecraft:total_world_time":24321,"minecraft:fall_one_cm":9184},"minecraft:crafted":{"minecraft:cooked_cod":2,"minecraft:cooked_porkchop":2},"minecraft:killed":{"minecraft:pillager":1}},"DataVersion":3465}