{"stats":{"minecraft:crafted":{"farmersdelight:iron_knife":1,"minecraft:iron_sword":2,"minecraft:bowl":4,"minecraft:stick":8,"minecraft:iron_ingot":20,"minecraft:iron_shovel":1,"minecraft:acacia_planks":16},"minecraft:custom":{"minecraft:interact_with_furnace":5,"minecraft:mob_kills":9,"minecraft:interact_with_crafting_table":4,"minecraft:leave_game":1,"minecraft:time_since_death":3007,"minecraft:sleep_in_bed":7,"minecraft:time_since_rest":2445,"minecraft:sprint_one_cm":94627,"minecraft:damage_taken":1925,"minecraft:walk_one_cm":324844,"minecraft:trigger_trapped_chest":1,"minecraft:drop":10,"minecraft:damage_dealt":1047,"minecraft:fly_one_cm":107073,"minecraft:open_chest":21,"minecraft:crouch_one_cm":4509,"minecraft:play_time":80669,"tombstone:undead_killed":4,"minecraft:deaths":4,"minecraft:sneak_time":2508,"minecraft:walk_under_water_one_cm":7031,"minecraft:jump":1004,"minecraft:walk_on_water_one_cm":8165,"minecraft:total_world_time":80669,"minecraft:interact_with_smoker":1,"minecraft:fall_one_cm":26106},"minecraft:killed":{"minecraft:pig":2,"minecraft:skeleton":2,"minecraft:zombie":1,"iceandfire:ghost":1,"alexsmobs:gazelle":1,"minecraft:cow":2},"minecraft:dropped":{"minecraft:bread":1,"alexsmobs:gazelle_horn":1,"minecraft:wheat":1,"minecraft:cookie":1,"minecraft:leather":1,"minecraft:torch":1,"minecraft:skeleton_skull":1,"minecraft:beef":1,"minecraft:orange_bed":1,"minecraft:egg":1},"minecraft:mined":{"iceandfire:pixie_jar_empty":1,"iceandfire:graveyard_soil":1,"biomesoplenty:desert_grass":1,"biomesoplenty:bush":1,"minecraft:acacia_log":4,"farmersdelight:cabbages":2,"farmersdelight:tomatoes":12,"minecraft:spawner":1,"supplementaries:urn":1,"valhelsia_structures:bone_pile":2,"amendments:directional_cake":1,"minecraft:iron_ore":13,"minecraft:acacia_stairs":1,"minecraft:andesite":2,"minecraft:grass":6,"chococraft:gysahl_green":3,"minecraft:coal_ore":4,"minecraft:iron_bars":2,"minecraft:cobweb":1,"minecraft:stone":5,"minecraft:orange_bed":1},"minecraft:used":{"farmersdelight:iron_knife":48,"minecraft:leather_leggings":1,"minecraft:iron_bars":2,"minecraft:armor_stand":1,"minecraft:stone_pickaxe":30,"minecraft:salmon":1,"minecraft:orange_bed":1,"minecraft:torch":6,"minecraft:acacia_stairs":1,"minecraft:apple":3,"minecraft:bread":16,"iceandfire:graveyard_soil":2,"minecraft:oak_pressure_plate":2,"minecraft:item_frame":2,"minecraft:cobblestone":8,"minecraft:andesite":1,"alexsmobs:animal_dictionary":2,"tombstone:gift":2,"chococraft:gysahl_green":1,"minecraft:egg":2,"iceandfire:pixie_jar_empty":1,"alexsmobs:emu_egg":1},"minecraft:picked_up":{"minecraft:leather_chestplate":1,"minecraft:wheat":5,"minecraft:andesite":1,"minecraft:salmon":1,"minecraft:leather_leggings":1,"minecraft:leather":2,"alexsmobs:acacia_blossom":1,"paraglider:spirit_orb":2,"minecraft:golden_boots":1,"alexsmobs:gazelle_horn":1,"minecraft:lapis_lazuli":4,"farmersdelight:tomato":3,"minecraft:item_frame":1,"minecraft:armor_stand":2,"minecraft:bone":4,"chococraft:gysahl_green":9,"iceandfire:graveyard_soil":2,"minecraft:apple":3,"iceandfire:pixie_jar_empty":1,"chococraft:gold_gysahl":2,"iceandfire:bestiary":1,"minecraft:wheat_seeds":4,"minecraft:beef":3,"minecraft:stone_pickaxe":1,"minecraft:cobblestone_slab":1,"minecraft:acacia_sapling":3,"farmersdelight:cabbage_seeds":3,"minecraft:egg":3,"minecraft:raw_iron":13,"minecraft:torch":3,"minecraft:acacia_log":4,"minecraft:oak_pressure_plate":2,"minecraft:porkchop":5,"farmersdelight:tomato_seeds":12,"chococraft:gysahl_green_seeds":3,"minecraft:cookie":1,"minecraft:acacia_stairs":1,"minecraft:bundle":1,"minecraft:orange_bed":2,"minecraft:arrow":5,"minecraft:rotten_flesh":3,"minecraft:iron_helmet":1,"tombstone:tablet_of_recall":1,"alexsmobs:emu_egg":1,"minecraft:bread":30,"minecraft:cobblestone":8,"minecraft:iron_bars":2,"minecraft:coal":4,"minecraft:skeleton_skull":1},"minecraft:killed_by":{"minecraft:creeper":1,"iceandfire:cockatrice":1,"iceandfire:ghost":1}},"DataVersion":3465}