{"stats":{"minecraft:killed_by":{"born_in_chaos_v1:spirit_guide_assistant":1,"minecraft:pillager":1},"minecraft:mined":{"minecraft:spruce_trapdoor":6,"minecraft:acacia_log":6,"minecraft:wall_torch":1,"minecraft:spruce_stairs":1,"minecraft:wheat":52,"minecraft:acacia_stairs":6,"minecraft:grass":3,"minecraft:acacia_fence":1,"minecraft:dirt":7,"minecraft:acacia_planks":1,"minecraft:water":4},"minecraft:dropped":{"minecraft:spruce_sign":3,"minecraft:salmon":1,"tombstone:grave_dust":1,"minecraft:red_tulip":1,"minecraft:acacia_planks":1},"minecraft:used":{"minecraft:knowledge_book":1,"minecraft:cooked_mutton":1,"minecraft:wheat_seeds":13,"minecraft:leather_leggings":1,"minecraft:acacia_log":6,"minecraft:spruce_door":1,"minecraft:leather_chestplate":1,"minecraft:spruce_sign":1,"minecraft:leather_boots":1,"minecraft:torch":1,"minecraft:dirt":7,"minecraft:crafting_table":2,"minecraft:iron_hoe":20,"minecraft:acacia_stairs":10,"minecraft:lantern":1,"minecraft:bread":1,"minecraft:leather_helmet":1,"minecraft:spruce_trapdoor":2,"minecraft:item_frame":2,"minecraft:bow":3,"tombstone:gift":2,"minecraft:acacia_planks":30,"minecraft:experience_bottle":1},"minecraft:picked_up":{"minecraft:leather_chestplate":1,"minecraft:charcoal":4,"qualitycrops:wheat_gold":17,"minecraft:wheat":146,"minecraft:chicken":4,"minecraft:salmon":2,"minecraft:leather_leggings":1,"minecraft:potato":4,"minecraft:enchanted_book":2,"minecraft:cobblestone_stairs":1,"qualitycrops:wheat_diamond":6,"minecraft:dirt":7,"minecraft:lantern":2,"minecraft:leather_boots":1,"minecraft:cooked_mutton":1,"minecraft:item_frame":2,"minecraft:bone":1,"minecraft:experience_bottle":1,"minecraft:acacia_planks":3,"minecraft:apple":2,"minecraft:bow":1,"minecraft:wheat_seeds":286,"minecraft:iron_ingot":3,"minecraft:sugar_cane":3,"minecraft:spruce_trapdoor":6,"qualitycrops:sugar_cane_iron":1,"minecraft:book":3,"minecraft:tipped_arrow":3,"minecraft:acacia_fence":1,"minecraft:torch":1,"minecraft:acacia_log":17,"minecraft:spruce_stairs":2,"minecraft:porkchop":2,"minecraft:stone_button":1,"minecraft:cookie":1,"minecraft:acacia_stairs":6,"minecraft:spruce_door":2,"minecraft:stone_pressure_plate":2,"minecraft:leather_helmet":1,"minecraft:brown_carpet":5,"qualitycrops:wheat_iron":16,"minecraft:crossbow":1,"minecraft:red_tulip":1,"minecraft:spruce_sign":9,"minecraft:gold_ingot":1,"minecraft:bread":2,"minecraft:melon_seeds":3,"minecraft:cod":2},"minecraft:custom":{"lootr:looted_stat":8,"minecraft:interact_with_furnace":10,"minecraft:mob_kills":1,"tombstone:raider_killed":1,"minecraft:interact_with_crafting_table":2,"minecraft:eat_cake_slice":6,"minecraft:time_since_death":869,"minecraft:sleep_in_bed":3,"minecraft:time_since_rest":599,"minecraft:sprint_one_cm":30016,"minecraft:damage_taken":709,"minecraft:walk_one_cm":275734,"minecraft:drop":7,"minecraft:damage_dealt":197,"minecraft:talked_to_villager":1,"minecraft:fly_one_cm":42733,"minecraft:open_chest":2,"minecraft:crouch_one_cm":329,"minecraft:play_time":48321,"minecraft:deaths":2,"minecraft:sneak_time":332,"minecraft:walk_under_water_one_cm":763,"minecraft:jump":589,"minecraft:walk_on_water_one_cm":4848,"minecraft:total_world_time":48321,"minecraft:fall_one_cm":16074},"minecraft:crafted":{"minecraft:cooked_cod":2,"minecraft:cooked_porkchop":2,"minecraft:crafting_table":2,"minecraft:acacia_stairs":4,"minecraft:stick":8,"minecraft:iron_ingot":4,"minecraft:acacia_planks":44},"minecraft:killed":{"minecraft:pillager":1}},"DataVersion":3465}