{"stats":{"minecraft:custom":{"minecraft:time_since_rest":4205,"minecraft:sprint_one_cm":56823,"minecraft:damage_taken":402,"minecraft:walk_one_cm":156651,"minecraft:mob_kills":1,"minecraft:drop":3,"minecraft:damage_dealt":131,"minecraft:fly_one_cm":38125,"minecraft:open_chest":11,"minecraft:crouch_one_cm":2581,"minecraft:play_time":32870,"tombstone:undead_killed":1,"minecraft:deaths":1,"minecraft:sneak_time":1128,"minecraft:walk_under_water_one_cm":6602,"minecraft:jump":447,"minecraft:walk_on_water_one_cm":7947,"minecraft:time_since_death":4778,"minecraft:sleep_in_bed":3,"minecraft:total_world_time":32870,"minecraft:interact_with_smoker":1,"minecraft:fall_one_cm":11762},"minecraft:killed":{"minecraft:zombie":1},"minecraft:dropped":{"minecraft:torch":1,"minecraft:wheat":1,"minecraft:orange_bed":1},"minecraft:mined":{"iceandfire:pixie_jar_empty":1,"minecraft:iron_ore":13,"amendments:directional_cake":1,"minecraft:acacia_stairs":1,"minecraft:andesite":2,"minecraft:coal_ore":4,"minecraft:grass":4,"chococraft:gysahl_green":3,"farmersdelight:cabbages":2,"farmersdelight:tomatoes":12,"minecraft:stone":5,"minecraft:orange_bed":1},"minecraft:used":{"farmersdelight:iron_knife":7,"minecraft:leather_leggings":1,"minecraft:acacia_stairs":1,"minecraft:apple":2,"minecraft:armor_stand":1,"minecraft:bread":2,"minecraft:stone_pickaxe":24,"minecraft:orange_bed":1,"minecraft:item_frame":2,"minecraft:salmon":1,"minecraft:torch":4,"chococraft:gysahl_green":1,"minecraft:egg":2,"alexsmobs:emu_egg":1},"minecraft:picked_up":{"minecraft:raw_iron":13,"minecraft:leather_chestplate":1,"minecraft:wheat":3,"minecraft:andesite":1,"minecraft:salmon":1,"minecraft:leather_leggings":1,"minecraft:torch":1,"farmersdelight:tomato_seeds":12,"minecraft:cookie":1,"chococraft:gysahl_green_seeds":3,"minecraft:acacia_stairs":1,"farmersdelight:tomato":3,"minecraft:armor_stand":2,"minecraft:orange_bed":2,"minecraft:item_frame":1,"minecraft:rotten_flesh":2,"chococraft:gysahl_green":9,"minecraft:apple":3,"iceandfire:pixie_jar_empty":1,"chococraft:gold_gysahl":2,"iceandfire:bestiary":1,"minecraft:wheat_seeds":4,"minecraft:iron_helmet":1,"minecraft:stone_pickaxe":1,"alexsmobs:emu_egg":1,"minecraft:bread":8,"minecraft:cobblestone":5,"minecraft:coal":4,"farmersdelight:cabbage_seeds":3,"minecraft:egg":3},"minecraft:killed_by":{"minecraft:creeper":1}},"DataVersion":3465}