{"stats":{"minecraft:custom":{"minecraft:interact_with_furnace":1,"minecraft:mob_kills":5,"minecraft:interact_with_crafting_table":1,"minecraft:time_since_death":2384,"minecraft:sleep_in_bed":3,"minecraft:time_since_rest":1939,"minecraft:sprint_one_cm":78321,"minecraft:damage_taken":1020,"minecraft:walk_one_cm":232543,"minecraft:trigger_trapped_chest":1,"minecraft:drop":5,"minecraft:damage_dealt":646,"minecraft:fly_one_cm":65038,"minecraft:open_chest":15,"minecraft:crouch_one_cm":3267,"minecraft:play_time":56870,"tombstone:undead_killed":4,"minecraft:deaths":3,"minecraft:sneak_time":1455,"minecraft:walk_under_water_one_cm":6602,"minecraft:jump":796,"minecraft:walk_on_water_one_cm":7947,"minecraft:interact_with_smoker":1,"minecraft:total_world_time":56870,"minecraft:fall_one_cm":19184},"minecraft:killed":{"minecraft:skeleton":2,"minecraft:zombie":1,"iceandfire:ghost":1,"alexsmobs:gazelle":1},"minecraft:dropped":{"alexsmobs:gazelle_horn":1,"minecraft:wheat":1,"minecraft:torch":1,"minecraft:skeleton_skull":1,"minecraft:orange_bed":1},"minecraft:mined":{"iceandfire:pixie_jar_empty":1,"iceandfire:graveyard_soil":1,"biomesoplenty:desert_grass":1,"farmersdelight:cabbages":2,"farmersdelight:tomatoes":12,"minecraft:spawner":1,"supplementaries:urn":1,"valhelsia_structures:bone_pile":2,"amendments:directional_cake":1,"minecraft:iron_ore":13,"minecraft:acacia_stairs":1,"minecraft:andesite":2,"minecraft:grass":5,"chococraft:gysahl_green":3,"minecraft:coal_ore":4,"minecraft:iron_bars":2,"minecraft:cobweb":1,"minecraft:stone":5,"minecraft:orange_bed":1},"minecraft:used":{"farmersdelight:iron_knife":29,"minecraft:leather_leggings":1,"minecraft:iron_bars":2,"minecraft:armor_stand":1,"minecraft:stone_pickaxe":30,"minecraft:salmon":1,"minecraft:orange_bed":1,"minecraft:torch":6,"minecraft:acacia_stairs":1,"minecraft:apple":3,"minecraft:bread":2,"minecraft:oak_pressure_plate":2,"minecraft:item_frame":2,"minecraft:cobblestone":8,"minecraft:andesite":1,"minecraft:egg":2,"chococraft:gysahl_green":1,"alexsmobs:animal_dictionary":2,"iceandfire:pixie_jar_empty":1,"alexsmobs:emu_egg":1},"minecraft:picked_up":{"minecraft:wheat":3,"minecraft:leather_chestplate":1,"minecraft:salmon":1,"minecraft:andesite":1,"minecraft:leather_leggings":1,"paraglider:spirit_orb":2,"minecraft:golden_boots":1,"alexsmobs:gazelle_horn":1,"minecraft:lapis_lazuli":4,"farmersdelight:tomato":3,"minecraft:item_frame":1,"minecraft:armor_stand":2,"minecraft:bone":4,"chococraft:gysahl_green":9,"iceandfire:graveyard_soil":2,"minecraft:apple":3,"chococraft:gold_gysahl":2,"iceandfire:pixie_jar_empty":1,"iceandfire:bestiary":1,"minecraft:wheat_seeds":4,"minecraft:stone_pickaxe":1,"minecraft:cobblestone_slab":1,"farmersdelight:cabbage_seeds":3,"minecraft:egg":3,"minecraft:raw_iron":13,"minecraft:torch":3,"minecraft:oak_pressure_plate":2,"farmersdelight:tomato_seeds":12,"chococraft:gysahl_green_seeds":3,"minecraft:cookie":1,"minecraft:acacia_stairs":1,"minecraft:orange_bed":2,"minecraft:bundle":1,"minecraft:arrow":5,"minecraft:rotten_flesh":3,"tombstone:tablet_of_recall":1,"minecraft:iron_helmet":1,"alexsmobs:emu_egg":1,"minecraft:bread":8,"minecraft:iron_bars":2,"minecraft:coal":4,"minecraft:skeleton_skull":1,"minecraft:cobblestone":8},"minecraft:killed_by":{"minecraft:creeper":1,"iceandfire:ghost":1}},"DataVersion":3465}