{"stats":{"minecraft:mined":{"biomesoplenty:desert_grass":1,"minecraft:spruce_trapdoor":6,"biomesoplenty:bush":1,"minecraft:acacia_log":6,"minecraft:grass_block":4,"iceandfire:egginice":1,"minecraft:acacia_stairs":7,"regions_unexplored:medium_grass":1,"minecraft:stone":1,"regions_unexplored:windswept_grass":1,"minecraft:water":4,"minecraft:calcite":1,"minecraft:campfire":3,"minecraft:tall_grass":3,"minecraft:cobblestone":1,"farmersdelight:wild_tomatoes":1,"minecraft:wall_torch":2,"minecraft:spruce_stairs":1,"minecraft:coarse_dirt":1,"minecraft:wheat":52,"minecraft:grass":23,"quark:rusty_iron_plate":2,"minecraft:acacia_fence":1,"minecraft:dirt":7,"minecraft:cobweb":7,"minecraft:acacia_planks":6,"minecraft:stone_bricks":1,"minecraft:oak_leaves":4,"paraglider:goddess_statue":1},"minecraft:killed_by":{"minecraft:zombie_villager":1,"born_in_chaos_v1:baby_skeleton_minion":1,"minecraft:creeper":1,"iceandfire:siren":1,"minecraft:pillager":1,"born_in_chaos_v1:zombie_lumberjack":1,"born_in_chaos_v1:zombie_bruiser":1,"born_in_chaos_v1:bone_imp_minion":2,"born_in_chaos_v1:corpse_fly":1,"iceandfire:sea_serpent":1,"minecraft:cave_spider":1,"born_in_chaos_v1:spirit_guide_assistant":1,"alexsmobs:grizzly_bear":1,"iceandfire:fire_dragon":5},"minecraft:dropped":{"minecraft:spruce_sign":15,"minecraft:porkchop":2,"minecraft:wheat_seeds":74,"minecraft:glass_bottle":1,"minecraft:book":3,"minecraft:knowledge_book":17,"iceandfire:dragon_stick":1,"minecraft:spruce_door":2,"minecraft:spruce_stairs":1,"iceandfire:dragon_flute":1,"minecraft:stick":2,"minecraft:dirt":3,"iceandfire:creative_dragon_meal":11,"minecraft:stone_button":3,"minecraft:wooden_axe":1,"iceandfire:dragon_horn":2,"iceandfire:dragonegg_white":1,"tombstone:grave_dust":3,"minecraft:potion":2,"minecraft:wooden_sword":1,"minecraft:bone_meal":2,"minecraft:acacia_planks":1,"tombstone:familiar_receptacle":1,"qualitycrops:cooked_chicken_diamond":2,"minecraft:crimson_fungus":1,"minecraft:kelp":5,"minecraft:coarse_dirt":1,"minecraft:wheat":57,"born_in_chaos_v1:ethereal_spirit":1,"born_in_chaos_v1:rotten_fish":2,"minecraft:rotten_flesh":16,"iceandfire:dragonegg_blue":1,"minecraft:clay_ball":3,"minecraft:oak_planks":2,"born_in_chaos_v1:spiritual_dust":2,"minecraft:salmon":2,"minecraft:acacia_button":1,"qualitycrops:wheat_iron":5,"supplementaries:ash":4,"born_in_chaos_v1:seedof_chaos":3,"iceandfire:rotten_egg":11,"minecraft:spruce_trapdoor":4,"born_in_chaos_v1:corpse_maggot":3,"minecraft:leather_leggings":1,"iceandfire:dragon_meal":40,"minecraft:stone_pressure_plate":2,"minecraft:spider_eye":2,"minecraft:brown_carpet":9,"minecraft:arrow":4,"vinery:grapevine_stem":6,"minecraft:red_tulip":1,"minecraft:calcite":1,"minecraft:bread":13},"minecraft:used":{"minecraft:acacia_log":6,"minecraft:stick":1,"minecraft:iron_chestplate":1,"minecraft:torch":1,"minecraft:dirt":27,"minecraft:spyglass":1,"minecraft:spruce_stairs":1,"minecraft:golden_shovel":16,"minecraft:acacia_button":1,"minecraft:iron_hoe":28,"farmersdelight:tomato":1,"minecraft:lantern":3,"minecraft:iron_helmet":1,"vinery:grapevine_stem":1,"minecraft:item_frame":2,"minecraft:brown_carpet":4,"minecraft:bow":3,"minecraft:acacia_fence":1,"tombstone:gift":2,"minecraft:potato":1,"minecraft:acacia_planks":34,"vinery:red_grape":2,"minecraft:knowledge_book":7,"minecraft:cooked_mutton":1,"minecraft:wheat_seeds":13,"minecraft:acacia_boat":5,"minecraft:water_bucket":6,"minecraft:leather_leggings":1,"minecraft:spruce_door":1,"minecraft:leather_chestplate":1,"minecraft:spruce_sign":1,"tombstone:scroll_of_true_sight":1,"minecraft:leather_boots":1,"minecraft:cookie":4,"minecraft:crafting_table":4,"iceandfire:dragonegg_white":3,"minecraft:acacia_stairs":10,"minecraft:apple":1,"minecraft:bread":11,"minecraft:iron_pickaxe":8,"iceandfire:dragon_horn":5,"tombstone:magic_scroll":4,"minecraft:leather_helmet":1,"minecraft:spruce_trapdoor":6,"minecraft:wooden_sword":115,"minecraft:diamond_sword":193,"minecraft:potion":1,"minecraft:oak_boat":1,"minecraft:cooked_porkchop":6,"minecraft:chain":4,"minecraft:bucket":7,"minecraft:sea_pickle":1,"chococraft:gysahl_green":17,"minecraft:splash_potion":1,"minecraft:experience_bottle":3},"minecraft:picked_up":{"minecraft:wheat":191,"minecraft:charcoal":10,"minecraft:iron_chestplate":1,"vinery:red_grape":2,"minecraft:coarse_dirt":1,"qualitycrops:wheat_gold":17,"minecraft:chicken":12,"minecraft:clay_ball":3,"born_in_chaos_v1:seedof_chaos":3,"minecraft:leather_leggings":1,"minecraft:lead":12,"iceandfire:dragonegg_white":3,"minecraft:enchanted_book":2,"minecraft:knowledge_book":2,"minecraft:acacia_button":1,"minecraft:chain":5,"paraglider:goddess_statue":1,"qualitycrops:wheat_diamond":8,"minecraft:string":11,"minecraft:iron_leggings":1,"minecraft:item_frame":2,"minecraft:experience_bottle":2,"minecraft:beetroot":15,"minecraft:sea_pickle":1,"minecraft:gold_nugget":4,"minecraft:oak_boat":1,"minecraft:calcite":1,"minecraft:sugar_cane":3,"minecraft:spruce_trapdoor":10,"qualitycrops:cooked_chicken_diamond":1,"qualitycrops:sugar_cane_iron":1,"minecraft:tipped_arrow":4,"minecraft:stick":6,"born_in_chaos_v1:shattered_skull":2,"minecraft:acacia_fence":1,"qualitycrops:beetroot_diamond":2,"minecraft:torch":2,"minecraft:acacia_log":50,"qualitycrops:kelp_gold":16,"minecraft:spruce_stairs":5,"minecraft:porkchop":5,"farmersdelight:tomato_seeds":1,"iceandfire:rotten_egg":26,"minecraft:stone_button":3,"minecraft:cookie":4,"tombstone:grave_dust":4,"born_in_chaos_v1:pieceofdarkmetal":4,"qualitycrops:kelp_iron":15,"minecraft:stone_pressure_plate":2,"minecraft:brown_carpet":13,"minecraft:arrow":4,"minecraft:rotten_flesh":22,"minecraft:beetroot_seeds":22,"minecraft:red_tulip":1,"minecraft:gold_ingot":1,"tombstone:essence_of_undeath":1,"supplementaries:ash":4,"qualitycrops:chicken_diamond":1,"minecraft:cod":2,"minecraft:birch_log":1,"born_in_chaos_v1:corpse_maggot":3,"minecraft:leather_chestplate":1,"minecraft:air":0,"born_in_chaos_v1:spiritual_dust":4,"minecraft:salmon":2,"minecraft:potato":8,"paraglider:spirit_orb":4,"minecraft:crimson_fungus":1,"minecraft:oak_log":2,"minecraft:cobblestone_stairs":1,"minecraft:acacia_boat":2,"farmersdelight:tomato":1,"minecraft:dirt":29,"minecraft:lantern":3,"tombstone:gift":2,"minecraft:leather_boots":1,"minecraft:cooked_mutton":1,"qualitycrops:kelp_diamond":3,"minecraft:bone":5,"minecraft:acacia_planks":8,"chococraft:gysahl_green":19,"minecraft:apple":3,"minecraft:kelp":107,"minecraft:bow":1,"qualitycrops:cooked_porkchop_diamond":1,"minecraft:wheat_seeds":363,"iceandfire:dragon_stick":1,"minecraft:iron_ingot":5,"vinery:grapevine_stem":4,"tombstone:bag_of_seeds":2,"minecraft:glass_bottle":1,"iceandfire:dragon_meal":20,"aquaculture:atlantic_herring":1,"minecraft:book":3,"qualitycrops:cooked_porkchop_gold":1,"minecraft:cooked_porkchop":9,"iceandfire:dragon_horn":1,"born_in_chaos_v1:orbofthe_summoner":1,"born_in_chaos_v1:ethereal_spirit":1,"minecraft:sand":2,"minecraft:acacia_stairs":7,"minecraft:spider_eye":2,"minecraft:spruce_door":3,"minecraft:leather_helmet":1,"minecraft:bundle":1,"iceandfire:dragon_flute":1,"qualitycrops:wheat_iron":20,"minecraft:sugar":2,"alexsmobs:rattlesnake_rattle":2,"minecraft:iron_helmet":1,"minecraft:crossbow":1,"minecraft:bone_meal":2,"minecraft:spruce_sign":17,"minecraft:emerald":4,"minecraft:bread":21,"tombstone:magic_scroll":2,"born_in_chaos_v1:rotten_fish":6,"minecraft:melon_seeds":3},"minecraft:custom":{"lootr:looted_stat":42,"minecraft:mob_kills":50,"minecraft:interact_with_crafting_table":15,"minecraft:open_barrel":20,"minecraft:damage_dealt_resisted":1247,"minecraft:eat_cake_slice":8,"minecraft:leave_game":5,"minecraft:time_since_death":18165,"minecraft:climb_one_cm":9856,"minecraft:damage_resisted":18,"minecraft:sprint_one_cm":210654,"minecraft:walk_one_cm":1007978,"minecraft:drop":121,"minecraft:talked_to_villager":2,"minecraft:play_time":240075,"minecraft:deaths":19,"minecraft:sneak_time":2402,"minecraft:walk_under_water_one_cm":31751,"minecraft:boat_one_cm":79737,"minecraft:jump":1770,"minecraft:walk_on_water_one_cm":38464,"minecraft:total_world_time":240075,"minecraft:interact_with_furnace":30,"tombstone:raider_killed":2,"minecraft:sleep_in_bed":8,"minecraft:time_since_rest":15248,"minecraft:damage_taken":6556,"minecraft:damage_dealt":8341,"tombstone:cast_on_ally":0,"minecraft:swim_one_cm":33502,"minecraft:fly_one_cm":161237,"minecraft:open_chest":36,"minecraft:crouch_one_cm":2096,"tombstone:undead_killed":18,"minecraft:fall_one_cm":45374},"minecraft:crafted":{"minecraft:wooden_sword":3,"minecraft:oak_planks":20,"minecraft:cooked_chicken":8,"minecraft:wheat":12,"minecraft:cooked_cod":2,"minecraft:cooked_porkchop":4,"vinery:grapevine_stem":4,"minecraft:crafting_table":4,"iceandfire:dragon_meal":3,"qualitycrops:cooked_chicken_diamond":1,"minecraft:baked_potato":4,"minecraft:golden_shovel":1,"minecraft:birch_planks":4,"minecraft:bucket":1,"minecraft:acacia_stairs":4,"qualitycrops:wheat_iron":9,"minecraft:acacia_boat":3,"minecraft:oak_boat":2,"minecraft:stick":20,"minecraft:iron_ingot":27,"minecraft:wooden_axe":1,"minecraft:acacia_planks":80},"minecraft:killed":{"minecraft:witch":1,"born_in_chaos_v1:zombie_lumberjack":2,"minecraft:spider":6,"alexsmobs:rattlesnake":3,"born_in_chaos_v1:baby_skeleton_minion":1,"minecraft:skeleton":1,"takesapillage:clay_golem":1,"minecraft:chicken":1,"minecraft:drowned":1,"minecraft:pig":2,"alexsmobs:grizzly_bear":1,"born_in_chaos_v1:bone_imp_minion":4,"minecraft:zombie_villager":1,"born_in_chaos_v1:baby_skeleton":2,"born_in_chaos_v1:decrepit_skeleton":1,"minecraft:pillager":1,"born_in_chaos_v1:zombie_fisherman":1,"minecraft:zombie":4,"born_in_chaos_v1:corpse_fly":1},"minecraft:broken":{"minecraft:leather_helmet":1,"minecraft:golden_shovel":1,"minecraft:leather_boots":1,"minecraft:wooden_sword":1,"minecraft:iron_helmet":1}},"DataVersion":3465}