{"stats":{"minecraft:mined":{"minecraft:acacia_stairs":2},"minecraft:used":{"minecraft:knowledge_book":1,"minecraft:item_frame":2,"minecraft:acacia_stairs":2},"minecraft:picked_up":{"minecraft:tipped_arrow":3,"minecraft:item_frame":2,"minecraft:salmon":1,"minecraft:apple":2,"minecraft:bow":1,"minecraft:enchanted_book":2,"minecraft:iron_ingot":3,"minecraft:crossbow":1,"minecraft:gold_ingot":1,"minecraft:cookie":1,"minecraft:bread":2,"minecraft:acacia_stairs":2,"minecraft:cod":2},"minecraft:custom":{"minecraft:time_since_rest":12321,"minecraft:crouch_one_cm":102,"minecraft:play_time":12321,"minecraft:sprint_one_cm":22724,"lootr:looted_stat":5,"minecraft:damage_taken":130,"minecraft:walk_one_cm":64939,"minecraft:sneak_time":113,"minecraft:walk_under_water_one_cm":67,"minecraft:jump":206,"minecraft:eat_cake_slice":6,"minecraft:damage_dealt":197,"minecraft:time_since_death":12321,"minecraft:walk_on_water_one_cm":1574,"minecraft:total_world_time":12321,"minecraft:fall_one_cm":7266,"minecraft:fly_one_cm":31830}},"DataVersion":3465}