{"stats":{"minecraft:killed_by":{"born_in_chaos_v1:spirit_guide_assistant":1,"minecraft:pillager":1},"minecraft:mined":{"minecraft:spruce_trapdoor":6,"minecraft:acacia_log":6,"minecraft:wall_torch":1,"minecraft:spruce_stairs":1,"minecraft:wheat":52,"minecraft:acacia_stairs":7,"minecraft:grass":5,"minecraft:acacia_fence":1,"minecraft:dirt":7,"minecraft:acacia_planks":1,"minecraft:water":4},"minecraft:dropped":{"minecraft:spruce_sign":3,"born_in_chaos_v1:ethereal_spirit":1,"minecraft:salmon":1,"iceandfire:rotten_egg":11,"tombstone:grave_dust":1,"minecraft:red_tulip":1,"minecraft:acacia_planks":1},"minecraft:used":{"minecraft:knowledge_book":1,"minecraft:cooked_mutton":1,"minecraft:wheat_seeds":13,"minecraft:leather_leggings":1,"minecraft:acacia_log":6,"minecraft:spruce_door":1,"minecraft:leather_chestplate":1,"minecraft:spruce_sign":1,"minecraft:leather_boots":1,"minecraft:torch":1,"minecraft:dirt":7,"minecraft:crafting_table":2,"minecraft:iron_hoe":21,"minecraft:acacia_stairs":10,"minecraft:apple":1,"minecraft:lantern":2,"minecraft:bread":2,"minecraft:leather_helmet":1,"minecraft:spruce_trapdoor":2,"minecraft:item_frame":2,"minecraft:bow":3,"minecraft:acacia_fence":1,"tombstone:gift":2,"minecraft:acacia_planks":30,"minecraft:experience_bottle":1},"minecraft:picked_up":{"minecraft:leather_chestplate":1,"minecraft:charcoal":4,"qualitycrops:wheat_gold":17,"minecraft:wheat":146,"minecraft:chicken":4,"minecraft:salmon":2,"minecraft:leather_leggings":1,"minecraft:potato":4,"minecraft:enchanted_book":2,"minecraft:chain":1,"minecraft:cobblestone_stairs":1,"qualitycrops:wheat_diamond":6,"minecraft:dirt":7,"minecraft:lantern":2,"minecraft:leather_boots":1,"minecraft:cooked_mutton":1,"minecraft:item_frame":2,"minecraft:bone":1,"minecraft:experience_bottle":1,"chococraft:gysahl_green":19,"minecraft:acacia_planks":3,"minecraft:apple":2,"minecraft:bow":1,"minecraft:wheat_seeds":286,"minecraft:iron_ingot":3,"minecraft:sugar_cane":3,"minecraft:spruce_trapdoor":6,"qualitycrops:sugar_cane_iron":1,"minecraft:book":3,"minecraft:tipped_arrow":3,"minecraft:acacia_fence":1,"born_in_chaos_v1:ethereal_spirit":1,"minecraft:torch":1,"minecraft:acacia_log":17,"minecraft:spruce_stairs":2,"minecraft:porkchop":2,"iceandfire:rotten_egg":26,"minecraft:stone_button":1,"minecraft:cookie":1,"minecraft:acacia_stairs":7,"minecraft:spruce_door":2,"minecraft:stone_pressure_plate":2,"minecraft:leather_helmet":1,"minecraft:brown_carpet":5,"qualitycrops:wheat_iron":18,"minecraft:crossbow":1,"minecraft:red_tulip":1,"minecraft:spruce_sign":9,"minecraft:gold_ingot":1,"minecraft:bread":2,"minecraft:melon_seeds":3,"minecraft:cod":2,"vinery:red_grape":2},"minecraft:custom":{"lootr:looted_stat":9,"minecraft:interact_with_furnace":12,"minecraft:mob_kills":1,"tombstone:raider_killed":1,"minecraft:interact_with_crafting_table":2,"minecraft:eat_cake_slice":6,"minecraft:time_since_death":12869,"minecraft:sleep_in_bed":4,"minecraft:climb_one_cm":8,"minecraft:time_since_rest":0,"minecraft:sprint_one_cm":43478,"minecraft:damage_taken":799,"minecraft:walk_one_cm":346329,"minecraft:drop":19,"minecraft:damage_dealt":197,"minecraft:talked_to_villager":1,"minecraft:fly_one_cm":44600,"minecraft:open_chest":5,"minecraft:crouch_one_cm":494,"minecraft:play_time":60321,"minecraft:deaths":2,"minecraft:sneak_time":395,"minecraft:walk_under_water_one_cm":830,"minecraft:jump":644,"minecraft:walk_on_water_one_cm":6036,"minecraft:total_world_time":60321,"minecraft:fall_one_cm":17659},"minecraft:crafted":{"minecraft:cooked_cod":2,"minecraft:cooked_porkchop":2,"minecraft:crafting_table":2,"minecraft:cooked_chicken":4,"minecraft:acacia_stairs":4,"minecraft:stick":8,"minecraft:iron_ingot":4,"minecraft:acacia_planks":44},"minecraft:killed":{"minecraft:pillager":1}},"DataVersion":3465}