{"stats":{"minecraft:killed":{"minecraft:witch":2,"born_in_chaos_v1:zombie_lumberjack":2,"minecraft:spider":6,"born_in_chaos_v1:siamese_skeletonsright":1,"born_in_chaos_v1:baby_skeleton_minion":1,"minecraft:skeleton":2,"minecraft:chicken":1,"minecraft:pig":3,"alexsmobs:grizzly_bear":1,"minecraft:zombie_villager":1,"born_in_chaos_v1:zombie_fisherman":1,"minecraft:pillager":2,"minecraft:zombie":4,"born_in_chaos_v1:corpse_fly":1,"born_in_chaos_v1:door_knight":1,"alexsmobs:rattlesnake":3,"takesapillage:clay_golem":1,"minecraft:drowned":1,"born_in_chaos_v1:corpse_fish":2,"iceandfire:hippocampus":6,"born_in_chaos_v1:bone_imp_minion":4,"born_in_chaos_v1:baby_skeleton":2,"born_in_chaos_v1:decrepit_skeleton":1,"alexsmobs:gazelle":1},"minecraft:custom":{"lootr:looted_stat":81,"minecraft:interact_with_crafting_table":16,"minecraft:open_barrel":23,"minecraft:eat_cake_slice":8,"minecraft:leave_game":8,"minecraft:time_since_death":12569,"minecraft:damage_resisted":18,"minecraft:sprint_one_cm":570831,"minecraft:drop":208,"minecraft:talked_to_villager":5,"minecraft:play_time":418417,"minecraft:deaths":24,"minecraft:jump":3741,"minecraft:walk_on_water_one_cm":93756,"minecraft:interact_with_furnace":35,"minecraft:sleep_in_bed":15,"minecraft:waystone_activated":1,"minecraft:damage_dealt":13085,"minecraft:crouch_one_cm":3205,"tombstone:undead_killed":21,"minecraft:mob_kills":70,"minecraft:damage_dealt_resisted":1247,"minecraft:climb_one_cm":23834,"minecraft:walk_one_cm":1544996,"minecraft:sneak_time":4357,"minecraft:walk_under_water_one_cm":56133,"minecraft:boat_one_cm":242100,"minecraft:total_world_time":418417,"tombstone:raider_killed":4,"minecraft:time_since_rest":2920,"minecraft:damage_taken":9127,"tombstone:cast_on_ally":0,"minecraft:swim_one_cm":108721,"minecraft:fly_one_cm":461587,"minecraft:open_chest":53,"minecraft:fall_one_cm":95054},"minecraft:picked_up":{"iceandfire:deathworm_egg":1,"minecraft:wheat":191,"minecraft:iron_chestplate":1,"qualitycrops:wheat_gold":21,"vinery:red_grape":2,"minecraft:lead":13,"iceandfire:dragonegg_white":3,"minecraft:enchanted_book":2,"minecraft:knowledge_book":4,"farmersdelight:cutting_board":2,"paraglider:goddess_statue":1,"minecraft:string":11,"minecraft:iron_leggings":1,"minecraft:experience_bottle":2,"minecraft:beetroot":15,"minecraft:sea_pickle":1,"minecraft:gold_nugget":4,"minecraft:calcite":1,"qualitycrops:sugar_cane_iron":1,"minecraft:tipped_arrow":4,"minecraft:stick":14,"born_in_chaos_v1:shattered_skull":2,"minecraft:acacia_fence":1,"minecraft:acacia_log":50,"minecraft:torch":9,"minecraft:spruce_stairs":5,"minecraft:porkchop":5,"iceandfire:rotten_egg":26,"tombstone:grave_dust":4,"qualitycrops:kelp_iron":15,"regions_unexplored:daisy":20,"minecraft:goat_horn":2,"minecraft:brown_carpet":13,"minecraft:light_gray_bed":1,"minecraft:rotten_flesh":27,"farmersdelight:tree_bark":4,"minecraft:red_tulip":1,"supplementaries:ash":4,"qualitycrops:chicken_diamond":1,"minecraft:cod":2,"minecraft:cobblestone":18,"minecraft:birch_log":1,"minecraft:leather_chestplate":1,"born_in_chaos_v1:spiritual_dust":4,"minecraft:black_bed":1,"minecraft:potato":8,"paraglider:spirit_orb":4,"minecraft:flint":1,"minecraft:magenta_bed":1,"minecraft:acacia_boat":2,"minecraft:lapis_lazuli":2,"farmersdelight:tomato":1,"minecraft:dirt":450,"minecraft:lantern":3,"minecraft:leather_boots":1,"minecraft:bone":6,"qualitycrops:kelp_diamond":4,"farmersdelight:iron_knife":1,"minecraft:acacia_planks":8,"minecraft:bow":1,"qualitycrops:cooked_porkchop_diamond":1,"minecraft:wheat_seeds":386,"vinery:grapevine_stem":4,"iceandfire:dragon_meal":20,"aquaculture:atlantic_herring":1,"minecraft:cooked_porkchop":9,"iceandfire:shiny_scales":8,"minecraft:sand":2,"minecraft:stripped_spruce_log":4,"minecraft:acacia_stairs":7,"minecraft:mossy_cobblestone":22,"minecraft:bundle":1,"regions_unexplored:hyssop":26,"minecraft:sugar":3,"qualitycrops:wheat_iron":20,"regions_unexplored:clover":9,"alexsmobs:rattlesnake_rattle":2,"minecraft:crossbow":1,"minecraft:bone_meal":135,"minecraft:spruce_sign":17,"minecraft:bread":33,"minecraft:emerald":5,"born_in_chaos_v1:rotten_fish":10,"minecraft:charcoal":10,"minecraft:coarse_dirt":1,"minecraft:chicken":12,"minecraft:clay_ball":3,"born_in_chaos_v1:seedof_chaos":3,"minecraft:leather_leggings":1,"minecraft:acacia_button":1,"minecraft:chain":5,"qualitycrops:wheat_diamond":8,"minecraft:moss_carpet":4,"minecraft:iron_axe":1,"minecraft:item_frame":2,"minecraft:iron_shovel":1,"minecraft:birch_fence":2,"minecraft:oak_boat":1,"minecraft:sugar_cane":3,"minecraft:spruce_trapdoor":10,"qualitycrops:cooked_chicken_diamond":1,"minecraft:sandstone":2,"qualitycrops:kelp_gold":16,"qualitycrops:beetroot_diamond":2,"farmersdelight:tomato_seeds":1,"minecraft:cookie":4,"minecraft:stone_button":3,"born_in_chaos_v1:pieceofdarkmetal":4,"minecraft:carrot":1,"minecraft:stone_pressure_plate":2,"minecraft:arrow":5,"minecraft:beetroot_seeds":22,"tombstone:essence_of_undeath":1,"minecraft:gold_ingot":2,"born_in_chaos_v1:fused_bone":3,"born_in_chaos_v1:corpse_maggot":4,"minecraft:air":0,"minecraft:tripwire_hook":1,"minecraft:salmon":2,"regions_unexplored:meadow_sage":1,"minecraft:crimson_fungus":1,"minecraft:oak_log":2,"minecraft:cobblestone_stairs":1,"minecraft:blue_bed":3,"tombstone:gift":2,"minecraft:cooked_mutton":2,"farmersdelight:honey_glazed_ham_block":1,"chococraft:gysahl_green":22,"minecraft:apple":3,"minecraft:kelp":107,"iceandfire:dragon_stick":2,"minecraft:iron_ingot":11,"tombstone:bag_of_seeds":3,"minecraft:glass_bottle":1,"minecraft:iron_sword":2,"minecraft:book":3,"qualitycrops:cooked_porkchop_gold":1,"iceandfire:dragon_horn":2,"born_in_chaos_v1:orbofthe_summoner":1,"born_in_chaos_v1:ethereal_spirit":1,"minecraft:spruce_sapling":35,"minecraft:spruce_log":53,"minecraft:spider_eye":2,"minecraft:spruce_door":3,"minecraft:leather_helmet":1,"iceandfire:dragon_flute":2,"regions_unexplored:fireweed":27,"minecraft:iron_helmet":1,"minecraft:painting":1,"tombstone:magic_scroll":2,"minecraft:melon_seeds":3},"minecraft:crafted":{"minecraft:oak_planks":20,"qualitycrops:cooked_mutton_diamond":1,"minecraft:cooked_chicken":8,"qualitycrops:kelp_iron":19,"minecraft:magenta_dye":1,"minecraft:cooked_porkchop":4,"vinery:grapevine_stem":4,"minecraft:crafting_table":4,"minecraft:kelp":19,"qualitycrops:cooked_chicken_diamond":1,"minecraft:baked_potato":4,"minecraft:birch_planks":4,"minecraft:stick":20,"minecraft:iron_ingot":27,"minecraft:wooden_sword":3,"qualitycrops:kelp_gold":3,"minecraft:wheat":12,"minecraft:cooked_cod":2,"minecraft:magenta_bed":1,"iceandfire:dragon_meal":3,"minecraft:golden_shovel":1,"minecraft:bucket":1,"qualitycrops:wheat_iron":9,"minecraft:acacia_stairs":4,"minecraft:acacia_boat":3,"minecraft:oak_boat":2,"minecraft:wooden_axe":1,"minecraft:acacia_planks":80},"minecraft:broken":{"minecraft:iron_shovel":1,"minecraft:golden_shovel":1,"minecraft:wooden_sword":1,"minecraft:leather_helmet":1,"minecraft:leather_boots":1,"minecraft:iron_helmet":1},"minecraft:killed_by":{"minecraft:zombie_villager":1,"minecraft:creeper":1,"iceandfire:siren":1,"minecraft:pillager":1,"born_in_chaos_v1:zombie_bruiser":1,"born_in_chaos_v1:bone_imp_minion":2,"born_in_chaos_v1:corpse_fly":2,"alexsmobs:elephant":1,"iceandfire:sea_serpent":1,"minecraft:cave_spider":1,"born_in_chaos_v1:spirit_guide_assistant":1,"alexsmobs:grizzly_bear":1,"iceandfire:fire_dragon":6,"born_in_chaos_v1:baby_skeleton_minion":1,"born_in_chaos_v1:zombie_lumberjack":1},"minecraft:mined":{"minecraft:spruce_trapdoor":6,"minecraft:acacia_log":6,"minecraft:grass_block":355,"minecraft:light_gray_bed":1,"minecraft:tall_seagrass":1,"regions_unexplored:mossy_stone":22,"minecraft:water":4,"minecraft:sandstone_slab":1,"minecraft:torch":5,"minecraft:calcite":1,"minecraft:cobblestone":1,"regions_unexplored:meadow_sage":1,"minecraft:wall_torch":3,"minecraft:seagrass":1,"regions_unexplored:hyssop":9,"farmersdelight:cutting_board":2,"minecraft:wheat":52,"minecraft:magenta_bed":1,"minecraft:black_bed":1,"minecraft:grass":67,"minecraft:acacia_fence":1,"minecraft:dirt":99,"regions_unexplored:clover":1,"minecraft:oak_leaves":5,"regions_unexplored:fireweed":2,"farmersdelight:honey_glazed_ham_block":1,"biomesoplenty:desert_grass":2,"biomesoplenty:bush":1,"iceandfire:egginice":1,"minecraft:spruce_leaves":5,"minecraft:sandstone":1,"minecraft:spruce_sapling":5,"minecraft:acacia_stairs":7,"regions_unexplored:medium_grass":25,"minecraft:stone":25,"regions_unexplored:windswept_grass":1,"minecraft:campfire":3,"minecraft:tall_grass":5,"farmersdelight:wild_tomatoes":1,"regions_unexplored:daisy":9,"minecraft:blue_bed":2,"minecraft:air":2,"minecraft:spruce_stairs":1,"minecraft:coarse_dirt":1,"regions_unexplored:steppe_shrub":2,"minecraft:spruce_log":49,"quark:rusty_iron_plate":2,"minecraft:gravel":1,"minecraft:cobweb":7,"minecraft:acacia_planks":6,"minecraft:stone_bricks":1,"minecraft:birch_fence":2,"paraglider:goddess_statue":1},"minecraft:used":{"minecraft:iron_shovel":503,"minecraft:iron_sword":11,"minecraft:iron_chestplate":1,"minecraft:carrot":9,"minecraft:acacia_button":1,"iceandfire:spawn_egg_hippocampus":10,"farmersdelight:tomato":1,"minecraft:lantern":3,"minecraft:iron_helmet":1,"minecraft:item_frame":2,"farmersdelight:cutting_board":2,"minecraft:bow":3,"minecraft:brown_carpet":4,"minecraft:acacia_fence":1,"minecraft:potato":17,"minecraft:leather_leggings":1,"minecraft:spruce_door":1,"minecraft:leather_chestplate":1,"minecraft:sandstone":1,"minecraft:blue_bed":3,"tombstone:scroll_of_true_sight":1,"qualitycrops:cooked_mutton_diamond":1,"minecraft:cookie":4,"minecraft:black_bed":1,"minecraft:birch_fence":2,"minecraft:melon_slice":1,"minecraft:bread":18,"minecraft:diamond_sword":273,"minecraft:wooden_sword":115,"minecraft:chain":4,"chococraft:gysahl_green":20,"minecraft:oak_boat":2,"minecraft:bone_meal":79,"minecraft:experience_bottle":3,"minecraft:acacia_log":6,"minecraft:stick":1,"minecraft:torch":11,"minecraft:dirt":74,"minecraft:spyglass":1,"minecraft:spruce_stairs":1,"minecraft:golden_shovel":16,"regions_unexplored:hyssop":15,"minecraft:iron_hoe":28,"create:builders_tea":1,"minecraft:iron_axe":64,"vinery:grapevine_stem":1,"minecraft:goat_horn":6,"tombstone:gift":2,"minecraft:acacia_planks":34,"vinery:red_grape":2,"minecraft:knowledge_book":7,"minecraft:wheat_seeds":13,"minecraft:cooked_mutton":1,"minecraft:acacia_boat":5,"minecraft:water_bucket":6,"minecraft:lead":1,"minecraft:spruce_sign":1,"minecraft:leather_boots":1,"minecraft:mossy_cobblestone":7,"minecraft:magenta_bed":2,"minecraft:crafting_table":4,"supplementaries:bomb":1,"iceandfire:dragonegg_white":3,"minecraft:painting":2,"minecraft:spruce_log":1,"minecraft:acacia_stairs":10,"minecraft:apple":12,"minecraft:iron_pickaxe":59,"iceandfire:dragon_horn":7,"tombstone:magic_scroll":4,"minecraft:leather_helmet":1,"minecraft:spruce_trapdoor":6,"minecraft:spruce_sapling":16,"minecraft:potion":1,"minecraft:cooked_porkchop":11,"minecraft:bucket":7,"minecraft:sea_pickle":1,"minecraft:brush":11,"minecraft:kelp":16,"minecraft:splash_potion":1},"minecraft:dropped":{"minecraft:spruce_sign":15,"minecraft:iron_sword":2,"minecraft:porkchop":2,"minecraft:lapis_lazuli":1,"minecraft:glass_bottle":2,"minecraft:flint":1,"minecraft:dirt":265,"minecraft:stone_button":3,"iceandfire:dragon_horn":3,"minecraft:gold_nugget":4,"minecraft:wooden_sword":1,"minecraft:bone_meal":3,"tombstone:familiar_receptacle":1,"minecraft:gold_ingot":4,"minecraft:crimson_fungus":1,"minecraft:goat_horn":1,"minecraft:wheat":57,"born_in_chaos_v1:ethereal_spirit":1,"minecraft:beetroot":8,"minecraft:rotten_flesh":16,"minecraft:oak_planks":2,"minecraft:salmon":2,"minecraft:acacia_button":1,"qualitycrops:wheat_iron":5,"supplementaries:ash":4,"born_in_chaos_v1:seedof_chaos":3,"qualitycrops:wheat_gold":4,"farmersdelight:honey_glazed_ham_block":1,"create:honeyed_apple":1,"born_in_chaos_v1:corpse_maggot":3,"iceandfire:dragon_meal":40,"minecraft:leather_leggings":1,"minecraft:arrow":4,"minecraft:bread":66,"minecraft:iron_ingot":9,"minecraft:stripped_spruce_log":4,"regions_unexplored:fireweed":26,"minecraft:wheat_seeds":92,"minecraft:cobblestone":9,"minecraft:knowledge_book":27,"minecraft:book":3,"alexsmobs:rattlesnake_rattle":2,"iceandfire:dragon_stick":2,"farmersdelight:tree_bark":4,"minecraft:apple":8,"qualitycrops:beetroot_diamond":2,"minecraft:spruce_door":2,"minecraft:spruce_stairs":1,"regions_unexplored:daisy":20,"iceandfire:dragon_flute":2,"minecraft:stick":8,"iceandfire:creative_dragon_meal":11,"minecraft:wooden_axe":1,"minecraft:melon_slice":3,"born_in_chaos_v1:fused_bone":3,"iceandfire:dragonegg_white":1,"tombstone:grave_dust":3,"minecraft:potion":2,"minecraft:acacia_planks":1,"qualitycrops:cooked_chicken_diamond":2,"minecraft:moss_carpet":4,"minecraft:kelp":5,"minecraft:coarse_dirt":1,"born_in_chaos_v1:rotten_fish":6,"qualitycrops:cooked_porkchop_gold":1,"iceandfire:dragonegg_blue":1,"regions_unexplored:clover":9,"minecraft:clay_ball":3,"regions_unexplored:hyssop":2,"born_in_chaos_v1:spiritual_dust":2,"qualitycrops:kelp_diamond":1,"iceandfire:rotten_egg":11,"minecraft:spruce_trapdoor":4,"minecraft:iron_chestplate":1,"minecraft:oak_boat":1,"minecraft:stone_pressure_plate":2,"minecraft:spider_eye":2,"minecraft:brown_carpet":9,"minecraft:spruce_log":52,"minecraft:sandstone":1,"vinery:grapevine_stem":6,"minecraft:red_tulip":1,"minecraft:calcite":1}},"DataVersion":3465}