{
  "minecraft:recipes/decorations/crafting_table": {
    "criteria": {
      "unlock_right_away": "2024-07-23 02:08:50 +0000"
    },
    "done": true
  },
  "betterdeserttemples:root": {
    "criteria": {
      "always": "2024-07-23 02:08:50 +0000"
    },
    "done": true
  },
  "minecraft:adventure/adventuring_time": {
    "criteria": {
      "minecraft:beach": "2024-07-23 02:08:51 +0000",
      "minecraft:river": "2024-07-23 02:09:20 +0000",
      "minecraft:forest": "2024-07-23 02:10:53 +0000",
      "minecraft:ocean": "2024-07-23 02:09:57 +0000",
      "minecraft:windswept_savanna": "2024-07-23 02:09:22 +0000",
      "minecraft:plains": "2024-07-23 02:09:16 +0000"
    },
    "done": false
  },
  "tombstone:adventure/root": {
    "criteria": {
      "auto": "2024-07-23 02:08:51 +0000"
    },
    "done": true
  },
  "minecraft:end/elytra": {
    "criteria": {
      "elytra": "2024-07-23 02:09:44 +0000"
    },
    "done": true
  },
  "supplementaries:adventure/way_sign": {
    "criteria": {
      "bastion": "2024-07-23 02:10:18 +0000"
    },
    "done": true
  },
  "DataVersion": 3465
}