{
  "minecraft:recipes/decorations/crafting_table": {
    "criteria": {
      "unlock_right_away": "2024-07-23 02:08:50 +0000"
    },
    "done": true
  },
  "betterdeserttemples:root": {
    "criteria": {
      "always": "2024-07-23 02:08:50 +0000"
    },
    "done": true
  },
  "minecraft:adventure/adventuring_time": {
    "criteria": {
      "minecraft:old_growth_pine_taiga": "2024-07-23 02:28:24 +0000",
      "minecraft:taiga": "2024-07-23 02:26:05 +0000",
      "minecraft:cherry_grove": "2024-07-23 02:24:21 +0000",
      "minecraft:beach": "2024-07-23 02:08:51 +0000",
      "minecraft:river": "2024-07-23 02:09:20 +0000",
      "minecraft:stony_shore": "2024-07-23 02:33:13 +0000",
      "minecraft:jagged_peaks": "2024-07-23 02:34:26 +0000",
      "minecraft:cold_ocean": "2024-07-23 02:32:20 +0000",
      "minecraft:forest": "2024-07-23 02:10:53 +0000",
      "minecraft:lush_caves": "2024-07-23 02:29:10 +0000",
      "minecraft:ocean": "2024-07-23 02:09:57 +0000",
      "minecraft:old_growth_spruce_taiga": "2024-07-23 02:28:30 +0000",
      "minecraft:windswept_savanna": "2024-07-23 02:09:22 +0000",
      "minecraft:meadow": "2024-07-23 02:24:46 +0000",
      "minecraft:plains": "2024-07-23 02:09:16 +0000"
    },
    "done": false
  },
  "tombstone:adventure/root": {
    "criteria": {
      "auto": "2024-07-23 02:08:51 +0000"
    },
    "done": true
  },
  "minecraft:end/elytra": {
    "criteria": {
      "elytra": "2024-07-23 02:09:44 +0000"
    },
    "done": true
  },
  "supplementaries:adventure/way_sign": {
    "criteria": {
      "bastion": "2024-07-23 02:10:18 +0000"
    },
    "done": true
  },
  "minecraft:recipes/transportation/cherry_boat": {
    "criteria": {
      "in_water": "2024-07-23 02:17:08 +0000"
    },
    "done": true
  },
  "minecraft:recipes/transportation/bamboo_raft": {
    "criteria": {
      "in_water": "2024-07-23 02:17:08 +0000"
    },
    "done": true
  },
  "minecraft:recipes/transportation/spruce_boat": {
    "criteria": {
      "in_water": "2024-07-23 02:17:08 +0000"
    },
    "done": true
  },
  "minecraft:recipes/transportation/birch_boat": {
    "criteria": {
      "in_water": "2024-07-23 02:17:08 +0000"
    },
    "done": true
  },
  "minecraft:recipes/transportation/oak_boat": {
    "criteria": {
      "in_water": "2024-07-23 02:17:08 +0000"
    },
    "done": true
  },
  "minecraft:recipes/transportation/mangrove_boat": {
    "criteria": {
      "in_water": "2024-07-23 02:17:08 +0000"
    },
    "done": true
  },
  "minecraft:recipes/transportation/acacia_boat": {
    "criteria": {
      "in_water": "2024-07-23 02:17:08 +0000"
    },
    "done": true
  },
  "minecraft:recipes/transportation/jungle_boat": {
    "criteria": {
      "in_water": "2024-07-23 02:17:08 +0000"
    },
    "done": true
  },
  "minecraft:recipes/transportation/dark_oak_boat": {
    "criteria": {
      "in_water": "2024-07-23 02:17:08 +0000"
    },
    "done": true
  },
  "minecraft:recipes/misc/brown_dye": {
    "criteria": {
      "has_cocoa_beans": "2024-07-23 02:27:04 +0000"
    },
    "done": true
  },
  "minecraft:recipes/food/cookie": {
    "criteria": {
      "has_cocoa": "2024-07-23 02:27:04 +0000"
    },
    "done": true
  },
  "minecraft:recipes/decorations/chest": {
    "criteria": {
      "has_lots_of_items": "2024-07-23 02:27:54 +0000"
    },
    "done": true
  },
  "DataVersion": 3465
}