{
  "overweight_farming:building_blocks/waxed_seedless_peeled_melon_from_honeycomb": {
    "criteria": {
      "has_the_recipe": "2024-07-27 20:58:48 +0000"
    },
    "done": true
  },
  "iceandfire:iceandfire/root": {
    "criteria": {
      "tick": "2024-07-27 20:58:48 +0000"
    },
    "done": true
  },
  "idas:idas_root": {
    "criteria": {
      "always": "2024-07-27 20:58:48 +0000"
    },
    "done": true
  },
  "takesapillage:root": {
    "criteria": {
      "always": "2024-07-27 20:58:48 +0000"
    },
    "done": true
  },
  "stellarity:dragons_den/cursed_tome/root": {
    "criteria": {
      "requirement": "2024-07-27 20:58:48 +0000"
    },
    "done": true
  },
  "overweight_farming:building_blocks/waxed_seeded_peeled_melon_from_honeycomb": {
    "criteria": {
      "has_the_recipe": "2024-07-27 20:58:48 +0000"
    },
    "done": true
  },
  "farmersdelight:main/root": {
    "criteria": {
      "seeds": "2024-07-27 20:58:48 +0000"
    },
    "done": true
  },
  "create:root": {
    "criteria": {
      "0": "2024-07-27 20:58:48 +0000"
    },
    "done": true
  },
  "stellarity:cursed_tome/root": {
    "criteria": {
      "requirement": "2024-07-27 20:58:48 +0000"
    },
    "done": true
  },
  "bakery:main/root": {
    "criteria": {
      "seeds": "2024-07-27 20:58:48 +0000"
    },
    "done": true
  },
  "overweight_farming:building_blocks/waxed_half_seeded_peeled_melon_from_honeycomb": {
    "criteria": {
      "has_the_recipe": "2024-07-27 20:58:48 +0000"
    },
    "done": true
  },
  "beautify:progression/root": {
    "criteria": {
      "Install": "2024-07-27 20:58:48 +0000"
    },
    "done": true
  },
  "lootr:root": {
    "criteria": {
      "always_true": "2024-07-27 20:58:48 +0000"
    },
    "done": true
  },
  "overweight_farming:building_blocks/vegetable_compost": {
    "criteria": {
      "has_the_recipe": "2024-07-27 20:58:48 +0000"
    },
    "done": true
  },
  "seadwellers:adv_root": {
    "criteria": {
      "adv_root": "2024-07-27 20:58:48 +0000"
    },
    "done": true
  },
  "born_in_chaos_v1:bornin_chaos": {
    "criteria": {
      "bornin_chaos_0": "2024-07-27 20:58:48 +0000"
    },
    "done": true
  },
  "betterdeserttemples:root": {
    "criteria": {
      "always": "2024-07-27 20:58:48 +0000"
    },
    "done": true
  },
  "cataclysm:root": {
    "criteria": {
      "custom_test_name": "2024-07-27 20:58:48 +0000"
    },
    "done": true
  },
  "vinery:main/root": {
    "criteria": {
      "seeds": "2024-07-27 20:58:48 +0000"
    },
    "done": true
  },
  "stellarity:story/drop_rare_illager_loot": {
    "criteria": {
      "drop4": "2024-07-27 20:58:49 +0000"
    },
    "done": true
  },
  "stellarity:cursed_tome/spellbooks/conveyance": {
    "criteria": {
      "requirement": "2024-07-27 20:58:49 +0000"
    },
    "done": true
  },
  "stellarity:cursed_tome/spellbooks/updraft": {
    "criteria": {
      "requirement": "2024-07-27 20:58:49 +0000"
    },
    "done": true
  },
  "stellarity:cursed_tome/spellbooks/light": {
    "criteria": {
      "requirement": "2024-07-27 20:58:49 +0000"
    },
    "done": true
  },
  "stellarity:dragons_den/cursed_tome/items/spellbooks/unlock_conveyance": {
    "criteria": {
      "requirement": "2024-07-27 20:58:49 +0000"
    },
    "done": true
  },
  "stellarity:cursed_tome/spellbooks/natures_wrath": {
    "criteria": {
      "requirement": "2024-07-27 20:58:49 +0000"
    },
    "done": true
  },
  "stellarity:dragons_den/cursed_tome/items/spellbooks/unlock_updraft": {
    "criteria": {
      "requirement": "2024-07-27 20:58:49 +0000"
    },
    "done": true
  },
  "stellarity:dragons_den/cursed_tome/items/spellbooks/unlock_light": {
    "criteria": {
      "requirement": "2024-07-27 20:58:49 +0000"
    },
    "done": true
  },
  "regions_unexplored:regions_explored": {
    "criteria": {
      "dry_bushland": "2024-07-31 02:18:58 +0000",
      "pine_taiga": "2024-07-29 22:09:02 +0000",
      "sparse_rainforest": "2024-07-31 01:53:05 +0000",
      "grassy_beach": "2024-07-29 22:01:08 +0000",
      "rocky_meadow": "2024-07-31 02:16:19 +0000",
      "tropical_river": "2024-07-31 01:50:08 +0000",
      "magnolia_highlands": "2024-07-29 22:01:38 +0000",
      "eucalyptus_forest": "2024-07-31 01:47:46 +0000",
      "outback": "2024-07-31 01:47:50 +0000",
      "sparse_redwoods": "2024-07-29 22:11:18 +0000",
      "deciduous_forest": "2024-07-27 20:58:50 +0000",
      "towering_cliffs": "2024-07-29 22:17:22 +0000",
      "chalk_cliffs": "2024-07-31 01:53:26 +0000",
      "bamboo_forest": "2024-07-31 02:52:36 +0000",
      "saguaro_desert": "2024-07-31 01:50:21 +0000",
      "grassland": "2024-07-29 22:12:12 +0000",
      "redwoods": "2024-07-29 22:09:56 +0000",
      "lupine_plains": "2024-07-29 22:01:02 +0000"
    },
    "done": false
  },
  "regions_unexplored:pioneer": {
    "criteria": {
      "dry_bushland": "2024-07-31 02:18:58 +0000",
      "pine_taiga": "2024-07-29 22:09:02 +0000",
      "sparse_rainforest": "2024-07-31 01:53:05 +0000",
      "grassy_beach": "2024-07-29 22:01:08 +0000",
      "rocky_meadow": "2024-07-31 02:16:19 +0000",
      "tropical_river": "2024-07-31 01:50:08 +0000",
      "magnolia_highlands": "2024-07-29 22:01:38 +0000",
      "eucalyptus_forest": "2024-07-31 01:47:46 +0000",
      "outback": "2024-07-31 01:47:50 +0000",
      "sparse_redwoods": "2024-07-29 22:11:18 +0000",
      "deciduous_forest": "2024-07-27 20:58:50 +0000",
      "towering_cliffs": "2024-07-29 22:17:22 +0000",
      "chalk_cliffs": "2024-07-31 01:53:26 +0000",
      "bamboo_forest": "2024-07-31 02:52:36 +0000",
      "saguaro_desert": "2024-07-31 01:50:21 +0000",
      "grassland": "2024-07-29 22:12:12 +0000",
      "redwoods": "2024-07-29 22:09:56 +0000",
      "lupine_plains": "2024-07-29 22:01:02 +0000"
    },
    "done": false
  },
  "tombstone:adventure/root": {
    "criteria": {
      "auto": "2024-07-27 20:58:50 +0000"
    },
    "done": true
  },
  "regions_unexplored:parent": {
    "criteria": {
      "load_in_world": "2024-07-27 20:58:50 +0000"
    },
    "done": true
  },
  "biomesoplenty:biomesoplenty/root": {
    "criteria": {
      "mediterranean_forest": "2024-07-27 21:00:05 +0000"
    },
    "done": true
  },
  "biomesoplenty:biomesoplenty/all_biomes": {
    "criteria": {
      "woodland": "2024-07-31 02:52:37 +0000",
      "scrubland": "2024-07-29 20:23:06 +0000",
      "lush_savanna": "2024-07-31 02:10:16 +0000",
      "old_growth_woodland": "2024-07-29 22:13:08 +0000",
      "mediterranean_forest": "2024-07-27 21:00:05 +0000",
      "dryland": "2024-07-31 02:19:09 +0000",
      "lush_desert": "2024-07-31 02:07:33 +0000",
      "rocky_rainforest": "2024-07-31 02:03:27 +0000",
      "rainforest": "2024-07-31 02:02:04 +0000"
    },
    "done": false
  },
  "minecraft:adventure/adventuring_time": {
    "criteria": {
      "minecraft:deep_ocean": "2024-07-29 22:05:00 +0000",
      "minecraft:birch_forest": "2024-07-29 20:53:41 +0000",
      "minecraft:bamboo_jungle": "2024-07-31 01:58:30 +0000",
      "minecraft:wooded_badlands": "2024-07-31 01:51:30 +0000",
      "minecraft:badlands": "2024-07-31 01:50:56 +0000",
      "minecraft:beach": "2024-07-29 20:24:22 +0000",
      "minecraft:river": "2024-07-27 21:01:03 +0000",
      "minecraft:lukewarm_ocean": "2024-07-29 20:22:05 +0000",
      "minecraft:stony_shore": "2024-07-31 02:00:48 +0000",
      "minecraft:forest": "2024-07-27 21:47:07 +0000",
      "minecraft:desert": "2024-07-31 01:52:06 +0000",
      "minecraft:ocean": "2024-07-29 22:03:10 +0000",
      "minecraft:jungle": "2024-07-31 01:59:09 +0000",
      "minecraft:warm_ocean": "2024-07-31 02:11:37 +0000",
      "minecraft:savanna": "2024-07-27 21:00:36 +0000",
      "minecraft:plains": "2024-07-29 20:21:24 +0000"
    },
    "done": false
  },
  "stellarity:cursed_tome/sabrewing": {
    "criteria": {
      "requirement": "2024-07-27 21:01:15 +0000"
    },
    "done": true
  },
  "stellarity:dragons_den/cursed_tome/items/unlock_sabrewing": {
    "criteria": {
      "requirement": "2024-07-27 21:01:15 +0000"
    },
    "done": true
  },
  "lootr:1chest": {
    "criteria": {
      "opened_chest": "2024-07-27 21:02:04 +0000"
    },
    "done": true
  },
  "lootr:social": {
    "criteria": {
      "opened_barrel": "2024-07-29 20:52:01 +0000",
      "opened_chest": "2024-07-27 21:02:04 +0000"
    },
    "done": false
  },
  "farmersdelight:main/get_fd_seed": {
    "criteria": {
      "tomato_seeds": "2024-07-27 21:02:07 +0000"
    },
    "done": true
  },
  "minecraft:story/smelt_iron": {
    "criteria": {
      "iron": "2024-07-27 21:03:05 +0000"
    },
    "done": true
  },
  "beautify:iron_blinds": {
    "criteria": {
      "requirement": "2024-07-27 21:03:05 +0000"
    },
    "done": true
  },
  "vinery:main/get_apple": {
    "criteria": {
      "apple": "2024-07-27 21:03:32 +0000"
    },
    "done": true
  },
  "minecraft:adventure/shoot_arrow": {
    "criteria": {
      "shot_arrow": "2024-07-27 21:11:55 +0000"
    },
    "done": true
  },
  "stellarity:events/on_death": {
    "criteria": {
      "requirement": "2024-07-27 21:11:59 +0000"
    },
    "done": true
  },
  "tombstone:adventure/first_grave": {
    "criteria": {
      "coded_trigger": "2024-07-27 21:11:59 +0000"
    },
    "done": true
  },
  "minecraft:adventure/root": {
    "criteria": {
      "killed_by_something": "2024-07-27 21:11:59 +0000"
    },
    "done": true
  },
  "tombstone:recipes/from_grave_key": {
    "criteria": {
      "has_ingredient": "2024-07-27 21:12:00 +0000"
    },
    "done": true
  },
  "tombstone:adventure/ambush": {
    "criteria": {
      "coded_trigger": "2024-07-27 21:12:26 +0000"
    },
    "done": true
  },
  "minecraft:adventure/kill_all_mobs": {
    "criteria": {
      "minecraft:pillager": "2024-07-27 21:12:26 +0000",
      "minecraft:skeleton": "2024-07-29 21:45:52 +0000",
      "minecraft:spider": "2024-07-29 21:08:14 +0000",
      "minecraft:witch": "2024-07-29 21:45:58 +0000",
      "minecraft:zombie": "2024-07-29 20:28:21 +0000",
      "minecraft:drowned": "2024-07-29 20:26:27 +0000",
      "minecraft:zombie_villager": "2024-07-29 21:40:52 +0000"
    },
    "done": false
  },
  "minecraft:adventure/kill_a_mob": {
    "criteria": {
      "minecraft:pillager": "2024-07-27 21:12:26 +0000"
    },
    "done": true
  },
  "tombstone:adventure/cancel_ghostly_shape": {
    "criteria": {
      "coded_trigger": "2024-07-27 21:12:26 +0000"
    },
    "done": true
  },
  "tombstone:adventure/first_knowledge": {
    "criteria": {
      "coded_trigger": "2024-07-27 21:12:26 +0000"
    },
    "done": true
  },
  "tombstone:recipes/from_grave_dust": {
    "criteria": {
      "has_ingredient": "2024-07-27 21:14:13 +0000"
    },
    "done": true
  },
  "minecraft:husbandry/plant_seed": {
    "criteria": {
      "wheat": "2024-07-27 21:14:19 +0000"
    },
    "done": true
  },
  "farmersdelight:main/plant_all_crops": {
    "criteria": {
      "wheat": "2024-07-27 21:14:19 +0000"
    },
    "done": false
  },
  "minecraft:adventure/sleep_in_bed": {
    "criteria": {
      "slept_in_bed": "2024-07-27 21:18:54 +0000"
    },
    "done": true
  },
  "paraglider:root": {
    "criteria": {
      "crafting_table": "2024-07-27 21:20:43 +0000"
    },
    "done": true
  },
  "aquamirae:adventure/root": {
    "criteria": {
      "crafting_table": "2024-07-27 21:20:43 +0000"
    },
    "done": true
  },
  "minecraft:story/root": {
    "criteria": {
      "crafting_table": "2024-07-27 21:20:43 +0000"
    },
    "done": true
  },
  "beautify:blinds": {
    "criteria": {
      "requirement": "2024-07-27 21:22:41 +0000"
    },
    "done": true
  },
  "beautify:trellis": {
    "criteria": {
      "requirement": "2024-07-27 21:22:41 +0000"
    },
    "done": true
  },
  "minecraft:husbandry/balanced_diet": {
    "criteria": {
      "cooked_porkchop": "2024-07-29 21:41:47 +0000",
      "cooked_mutton": "2024-07-27 21:34:40 +0000",
      "apple": "2024-07-27 21:39:48 +0000",
      "bread": "2024-07-27 21:33:26 +0000",
      "cookie": "2024-07-29 21:08:35 +0000",
      "carrot": "2024-07-31 02:11:15 +0000"
    },
    "done": false
  },
  "minecraft:husbandry/root": {
    "criteria": {
      "consumed_item": "2024-07-27 21:33:26 +0000"
    },
    "done": true
  },
  "beautify:bookstack": {
    "criteria": {
      "requirement": "2024-07-27 21:33:54 +0000"
    },
    "done": true
  },
  "iceandfire:iceandfire/rotten_egg": {
    "criteria": {
      "bestiary": "2024-07-27 21:40:13 +0000"
    },
    "done": true
  },
  "iceandfire:iceandfire/tame_cockatrice": {
    "criteria": {
      "tame_rat": "2024-07-27 21:40:30 +0000"
    },
    "done": true
  },
  "minecraft:husbandry/tame_an_animal": {
    "criteria": {
      "tamed_animal": "2024-07-27 21:40:30 +0000"
    },
    "done": true
  },
  "iceandfire:iceandfire/dragon_meal": {
    "criteria": {
      "bestiary": "2024-07-29 20:20:23 +0000"
    },
    "done": true
  },
  "iceandfire:iceandfire/dragon_egg": {
    "criteria": {
      "egg": "2024-07-29 20:20:33 +0000"
    },
    "done": true
  },
  "iceandfire:iceandfire/dragon_staff": {
    "criteria": {
      "bestiary": "2024-07-29 20:20:33 +0000"
    },
    "done": true
  },
  "iceandfire:iceandfire/dragon_flute": {
    "criteria": {
      "bestiary": "2024-07-29 20:20:33 +0000"
    },
    "done": true
  },
  "iceandfire:iceandfire/dragon_horn": {
    "criteria": {
      "bestiary": "2024-07-29 20:20:33 +0000"
    },
    "done": true
  },
  "iceandfire:iceandfire/tame_hippocampus": {
    "criteria": {
      "tame_rat": "2024-07-29 20:24:37 +0000"
    },
    "done": true
  },
  "beautify:rope": {
    "criteria": {
      "requirement": "2024-07-29 20:49:04 +0000"
    },
    "done": true
  },
  "lootr:10loot": {
    "criteria": {
      "loot_stat": "2024-07-29 20:51:56 +0000"
    },
    "done": true
  },
  "lootr:1barrel": {
    "criteria": {
      "opened_barrel": "2024-07-29 20:52:01 +0000"
    },
    "done": true
  },
  "born_in_chaos_v1:dark_metallurgy": {
    "criteria": {
      "dark_metallurgy_0": "2024-07-29 20:55:19 +0000"
    },
    "done": true
  },
  "minecraft:story/iron_tools": {
    "criteria": {
      "iron_pickaxe": "2024-07-29 20:59:01 +0000"
    },
    "done": true
  },
  "tombstone:adventure/create_familiar_receptacle": {
    "criteria": {
      "has_familiar_receptacle": "2024-07-29 20:59:18 +0000"
    },
    "done": true
  },
  "minecraft:story/obtain_armor": {
    "criteria": {
      "iron_chestplate": "2024-07-29 21:00:07 +0000"
    },
    "done": true
  },
  "born_in_chaos_v1:pieceof_chaos": {
    "criteria": {
      "pieceof_chaos_0": "2024-07-29 21:01:10 +0000"
    },
    "done": true
  },
  "tombstone:adventure/create_magic_scroll": {
    "criteria": {
      "has_magic_scroll": "2024-07-29 21:01:42 +0000"
    },
    "done": true
  },
  "tombstone:adventure/chain_death": {
    "criteria": {
      "coded_trigger": "2024-07-29 21:04:07 +0000"
    },
    "done": true
  },
  "tombstone:adventure/find_grave_dust": {
    "criteria": {
      "from_undead": "2024-07-29 21:05:13 +0000"
    },
    "done": true
  },
  "tombstone:adventure/ashes_and_bones": {
    "criteria": {
      "coded_trigger": "2024-07-29 21:05:32 +0000"
    },
    "done": true
  },
  "minecraft:story/mine_diamond": {
    "criteria": {
      "diamond": "2024-07-29 21:06:11 +0000"
    },
    "done": true
  },
  "stellarity:story/obtain_an_ender_pearl": {
    "criteria": {
      "criteria": "2024-07-29 21:06:26 +0000"
    },
    "done": true
  },
  "tombstone:adventure/use_true_sight": {
    "criteria": {
      "has_magic_scroll": "2024-07-29 21:06:50 +0000"
    },
    "done": true
  },
  "idas:wizardtower": {
    "criteria": {
      "in_wizardtower": "2024-07-29 21:11:57 +0000"
    },
    "done": true
  },
  "lootr:25loot": {
    "criteria": {
      "loot_stat": "2024-07-29 21:12:28 +0000"
    },
    "done": true
  },
  "alexsmobs:alexsmobs/skunk": {
    "criteria": {
      "ex": "2024-07-29 21:46:00 +0000"
    },
    "done": true
  },
  "alexsmobs:alexsmobs/grizzly_bear": {
    "criteria": {
      "killed_by": "2024-07-29 21:48:55 +0000"
    },
    "done": true
  },
  "alexsmobs:alexsmobs/rattlesnake": {
    "criteria": {
      "killed": "2024-07-31 01:48:35 +0000"
    },
    "done": true
  },
  "farmersdelight:main/craft_knife": {
    "criteria": {
      "iron_knife": "2024-07-31 01:56:25 +0000"
    },
    "done": true
  },
  "iceandfire:iceandfire/deathworm_egg": {
    "criteria": {
      "egg": "2024-07-31 01:58:50 +0000"
    },
    "done": true
  },
  "lootr:50loot": {
    "criteria": {
      "loot_stat": "2024-07-31 02:09:18 +0000"
    },
    "done": true
  },
  "DataVersion": 3465
}